data_label,shop,shop_age_months,shop_total_sales,best_listing_id,title,listing_age_months,price,est_12mo_units,trend_12mo,last_3,active_months,contribution,status,health,buyer,buyer_status,queries
EVERBEE ESTIMATE — NOT ETSY TRANSACTION DATA,LearnAndPlayHouse,20.0,2625.0,4347382244,"Back to School Bundle for Ages 3-4 | Preschool Curriculum Worksheets | Homeschool Pre-K Printables | ABC, Writing & Counting Activities",14.0,8.78,2002.0,190 184 113 220 104 93 205 203 114 126 277 173,126 277 173,12,0.763,CLEAN,ACTIVE,Homeschool parent,CANDIDATE,v1:broad;v1:homeschool
EVERBEE ESTIMATE — NOT ETSY TRANSACTION DATA,RoyalTemplatesShop,22.0,3715.0,1844366543,Editable Wedding Binder Canva Template: Minimal Wedding Planner PDF (Instant Download),19.0,33.42,1867.0,0 6 98 431 371 258 229 120 162 93 43 56,93 43 56,11,0.503,CLEAN,FADING,Engaged couple (wedding admin),CANDIDATE,v1:binder;v1:broad;v1:planner;v1:wedding
EVERBEE ESTIMATE — NOT ETSY TRANSACTION DATA,ThreeBigBrowns,16.0,6120.0,4332463367,Baby Shower ABC Book Activity: Teacher-Made Baby's First Alphabet Book (Digital Download),15.0,6.99,1587.0,149 192 123 137 184 192 150 46 79 110 138 87,110 138 87,12,0.259,CLEAN,ACTIVE,Teacher (classroom),CANDIDATE,v1:baby;v1:teacher
EVERBEE ESTIMATE — NOT ETSY TRANSACTION DATA,TheNurseNest,16.0,3615.0,4338932280,"Editable Nurse Report Sheet: Med Surg ICU, RN Report (PDF & Canva Template)",15.0,6.66,1136.0,45 110 78 201 48 120 114 159 18 90 90 63,90 90 63,12,0.314,CLEAN,ACTIVE,Nurse / nursing student,CANDIDATE,nurse;nursing;RN
EVERBEE ESTIMATE — NOT ETSY TRANSACTION DATA,OrellStudio,15.0,1124.0,4336844522,Airbnb Welcome Book Template | Editable Canva Guest Guide | Vacation Rental House Manual | Printable Host Binder | Orell Studio,15.0,5.93,1000.0,24 59 103 111 99 145 140 129 82 45 37 26,45 37 26,12,0.89,CLEAN,FADING,Short-term rental host,CANDIDATE,airbnb;v1:binder;v1:rental
EVERBEE ESTIMATE — NOT ETSY TRANSACTION DATA,BrightNotePrintables,14.0,11738.0,4386509459,"Teacher Favorite Things List Template, Teacher Questionnaire Printable, All About My Teacher Classroom Survey, Edit With Canva",12.0,4.9,881.0,19 84 92 28 25 0 38 54 42 124 223 152,124 223 152,11,0.075,CLEAN,ACTIVE,Teacher (classroom),CANDIDATE,v1:teacher
EVERBEE ESTIMATE — NOT ETSY TRANSACTION DATA,LuvionStudio,16.0,11334.0,4379737288,Hair Logo Designs Business Logo Beauty Hair Salon Logo Hairstylist Designer Hair Logo Beauty Salon Sign Logo Nail Tech Logo Hair Artist Lash,12.0,3.99,874.0,152 134 246 114 38 0 76 38 0 38 10 28,38 10 28,10,0.077,CLEAN,FADING,Esthetician / lash / nail / hair pro,CANDIDATE,lash;salon;v1:business
EVERBEE ESTIMATE — NOT ETSY TRANSACTION DATA,LittleLightCrafters,14.0,11470.0,4375171349,"7 Days of Creation folding surprise craft, The Creation story for kids, Bible Printable Activity, Sunday School, VBS, Homeschool, Christian",13.0,4.39,860.0,17 23 20 91 71 86 117 55 91 91 98 100,91 98 100,12,0.075,CLEAN,ACTIVE,Homeschool parent,CANDIDATE,v1:homeschool
EVERBEE ESTIMATE — NOT ETSY TRANSACTION DATA,DuVenture,15.0,1809.0,4346369611,"Editable Rental Agreement Template, Printable Lease Agreement, Residential Housing Agreement, Home Rental Agreement Google Doc MS Word PDF",13.0,3.7,855.0,164 52 50 38 19 67 102 82 72 16 64 129,16 64 129,12,0.473,CLEAN,ACTIVE,Landlord (legal forms),CANDIDATE,v1:rental
EVERBEE ESTIMATE — NOT ETSY TRANSACTION DATA,editwithella,15.0,2151.0,4318849240,Wedding Day Blueprint - Editable Canva Template,15.0,6.29,852.0,311 129 74 104 81 51 17 51 0 17 2 15,17 2 15,11,0.396,CLEAN,FADING,Engaged couple (wedding admin),CANDIDATE,v1:wedding
EVERBEE ESTIMATE — NOT ETSY TRANSACTION DATA,VetloSchool,22.0,8811.0,4333883059,"Anatomy & Physiology Digital Study Bundle, Human Body Systems Functions Guide, Medical Nursing School Essentials, Study Notes Worksheets",15.0,34.0,765.0,197 75 82 71 116 20 57 42 54 34 17 0,34 17 0,11,0.087,CLEAN,FADING,Nurse / nursing student,CANDIDATE,nurse;nursing;v1:medical
EVERBEE ESTIMATE — NOT ETSY TRANSACTION DATA,DuongVividVerse,24.0,9628.0,4500961729,"Editable Teacher Name Canva Template, Bulk Change Text Design, Funny Seagull Teacher, Personalized Teacher Team Squad, Canva Pro Required",5.0,2.52,756.0,0 0 0 0 0 0 0 42 42 270 318 84,270 318 84,5,0.079,NEAR-CLEAN,ACTIVE,Teacher (classroom),CANDIDATE,v1:teacher
EVERBEE ESTIMATE — NOT ETSY TRANSACTION DATA,SocialTemply,19.0,5846.0,4315444312,"Acuity Scheduling Template: Hair Salon Website Design, Canva Editable",16.0,5.83,753.0,90 255 173 79 27 51 0 39 0 0 10 29,0 10 29,9,0.129,CLEAN,FADING,Esthetician / lash / nail / hair pro,CANDIDATE,salon
EVERBEE ESTIMATE — NOT ETSY TRANSACTION DATA,SnookToSky,21.0,10175.0,4417863600,Anatomy Labeling Workbook | Nursing Study Guide | Human Body Systems | A&P Printable Worksheets | 90+ Pages | Instant Download,10.0,15.0,746.0,0 0 59 64 87 53 69 110 20 60 118 106,60 118 106,10,0.073,CLEAN,ACTIVE,Nurse / nursing student,CANDIDATE,nurse;nursing
EVERBEE ESTIMATE — NOT ETSY TRANSACTION DATA,TheArtwares,20.0,4692.0,4342145309,"Editable High School Diploma Template: Homeschool Replica, Canva Editable (Instant Download)",15.0,3.0,720.0,48 129 72 114 42 45 123 63 42 15 27 0,15 27 0,11,0.153,CLEAN,FADING,Homeschool parent,CANDIDATE,v1:homeschool
EVERBEE ESTIMATE — NOT ETSY TRANSACTION DATA,TheTemplateAlchemy,20.0,7869.0,4337445733,"Client Appreciation Flyer, Client Appreciation Sale Flyer, Book Now Flyer, Hairstylist Flyer Nail Lash Tech, Wigs Braid Flyer Canva Template",14.0,2.15,715.0,233 51 34 19 49 42 84 87 41 30 21 24,30 21 24,12,0.091,CLEAN,FADING,Esthetician / lash / nail / hair pro,CANDIDATE,lash;v1:client
EVERBEE ESTIMATE — NOT ETSY TRANSACTION DATA,BibleKidsCrafts,15.0,4823.0,4391112318,Walls of Jericho Craft Kit | Joshua Sunday School Bible Lesson & Homeschool Activity Resource For Kids | Instant Download Printable PDF,12.0,2.99,703.0,10 123 38 100 137 67 38 19 38 40 72 21,40 72 21,12,0.146,CLEAN,ACTIVE,Homeschool parent,CANDIDATE,v1:homeschool
EVERBEE ESTIMATE — NOT ETSY TRANSACTION DATA,MaroonDesignsco,19.0,3314.0,4328209218,"Black and Pink Acuity Hair Scheduling Template, DIY Hairstylist Booking Website, Canva Editable Acuity Hair Extension Site, Nails Lash Mua",16.0,3.5,689.0,105 194 85 165 70 35 0 0 20 15 0 0,15 0 0,8,0.208,CLEAN,FADING,Esthetician / lash / nail / hair pro,CANDIDATE,lash
EVERBEE ESTIMATE — NOT ETSY TRANSACTION DATA,LaurelJamesWeddingCo,11.0,793.0,4414508766,Wedding Binder Template | Canva (Digital Download),11.0,6.99,663.0,0 9 109 115 54 107 89 18 55 71 18 18,71 18 18,11,0.836,CLEAN,ACTIVE,Engaged couple (wedding admin),CANDIDATE,v1:binder;v1:wedding
EVERBEE ESTIMATE — NOT ETSY TRANSACTION DATA,EarlyLearnersAcademy,19.0,1289.0,1871272730,"Full Year Preschool Activity Workbooks Age 3-5, Preschool Curriculum, Preschool Worksheets, Homeschool Preschool, Learning, Pre-K Activities",19.0,30.0,655.0,59 130 128 78 26 3 23 14 38 18 60 78,18 60 78,12,0.508,CLEAN,ACTIVE,Homeschool parent,CANDIDATE,v1:homeschool
EVERBEE ESTIMATE — NOT ETSY TRANSACTION DATA,DigiPlannerLab,17.0,729.0,4344896137,"Daily Medication Tracker, Medication Log, Printable Medicine Log for Nurses, Medication Sheet, Medication List, Medicine Intake Tracker, PDF",14.0,2.7,627.0,49 59 69 81 61 58 53 49 31 35 49 33,35 49 33,12,0.86,CLEAN,ACTIVE,Nurse / nursing student,CANDIDATE,nurse;nursing;v1:log;v1:medical;v1:tracker
EVERBEE ESTIMATE — NOT ETSY TRANSACTION DATA,DIYMOMIDEAS,7.0,4959.0,4488786094,"Teacher Appreciation Week Printable Gift Last Minute Teacher Gift Letter Template, Coloring Card Kids, End Of School Year Thank You Gift",6.0,3.13,597.0,0 0 0 0 0 0 38 234 190 115 20 0,115 20 0,5,0.12,NEAR-CLEAN,ACTIVE,Teacher (classroom),CANDIDATE,v1:teacher
EVERBEE ESTIMATE — NOT ETSY TRANSACTION DATA,IvyRepublicDesigns,16.0,1888.0,4324775168,"Stress-Free 500+ Page Wedding Planner Bundle, Wedding Binder, Wedding Planner Book, Printable Wedding Planner, Digital Wedding Planner",16.0,57.97,587.0,12 9 28 60 81 72 55 68 48 68 54 32,68 54 32,12,0.311,CLEAN,ACTIVE,Engaged couple (wedding admin),CANDIDATE,v1:binder;v1:planner;v1:wedding
EVERBEE ESTIMATE — NOT ETSY TRANSACTION DATA,DioMind3d,13.0,2605.0,4362587044,"200 Sheets Veterinary Anatomy & Physiology Study Sheets, Nursing School Notes Veterinary Nurse Medical Notes Animal Anatomy, Vet Study Notes",11.0,3.5,577.0,25 68 106 62 55 75 42 48 52 11 11 22,11 11 22,12,0.221,CLEAN,FADING,Nurse / nursing student,CANDIDATE,nurse;nursing;v1:medical
EVERBEE ESTIMATE — NOT ETSY TRANSACTION DATA,Drumy,15.0,1815.0,4363253187,Anatomy & Physiology Bundle with Flashcards-Complete Anatomy Study Guide-Nursing School Notes-Medical Notes-Special Senses-Digital Pdfs,13.0,18.0,576.0,100 34 70 108 9 0 64 55 68 17 8 43,17 8 43,11,0.317,CLEAN,FADING,Nurse / nursing student,CANDIDATE,nurse;nursing;v1:medical
EVERBEE ESTIMATE — NOT ETSY TRANSACTION DATA,HotGirlBrands,23.0,3225.0,4299563801,"Cream Hair Stylist Acuity Lashing Template, Nailtech Acuity Book Site, DIY Luxurious Acuity Temple Acuity Website Templ",17.0,3.0,570.0,93 115 83 92 62 19 3 15 13 32 22 21,32 22 21,12,0.177,CLEAN,FADING,Esthetician / lash / nail / hair pro,CANDIDATE,lash
EVERBEE ESTIMATE — NOT ETSY TRANSACTION DATA,StarWaveStudio,18.0,5233.0,4410836175,12 Page Wedding Newspaper Template | Editable Canva Wedding Magazine | Engagement & Save the Date Announcement | Ceremony Program Itinerary,10.0,9.76,566.0,0 0 0 44 96 93 87 46 32 80 34 54,80 34 54,9,0.108,CLEAN,ACTIVE,Engaged couple (wedding admin),CANDIDATE,v1:wedding
EVERBEE ESTIMATE — NOT ETSY TRANSACTION DATA,CreativePapersPrint,18.0,2144.0,4309035379,75 Preschool Math Worksheets | Math Practice Sheets | Homeschool Learning Printable | Kindergarten Math | Number Worksheets | Beginning Math,17.0,2.5,552.0,92 47 68 38 77 23 46 46 46 23 46 0,23 46 0,11,0.257,CLEAN,FADING,Homeschool parent,CANDIDATE,v1:homeschool
EVERBEE ESTIMATE — NOT ETSY TRANSACTION DATA,LegalNurseLeads,20.0,1108.0,4338515589,Legal Nurse Consultant Starter Bundle | Resume + Marketing + Report Writing | Instant Download PDF,15.0,99.0,551.0,101 121 23 92 34 28 62 72 0 2 16 0,2 16 0,10,0.497,CLEAN,FADING,Nurse / nursing student,CANDIDATE,nurse;nursing
EVERBEE ESTIMATE — NOT ETSY TRANSACTION DATA,ByPantherStudio,12.0,8409.0,4503708133,"Airbnb Welcome Book Template, Editable Canva Guest Guide, Vacation Rental House Manual, Printable Host Binder, Superhost eBook, DIY in Canva",5.0,3.99,540.0,0 0 0 0 0 0 0 19 134 163 173 51,163 173 51,5,0.064,NEAR-CLEAN,ACTIVE,Short-term rental host,CANDIDATE,airbnb;v1:binder;v1:rental
EVERBEE ESTIMATE — NOT ETSY TRANSACTION DATA,YonaGraphics,23.0,4137.0,4304443935,Deal Or No Deal Flyer | Hair Stylist | Lash Tech | MUA | Nail Tech | Sale Flyer,17.0,5.0,515.0,14 22 41 96 38 65 76 58 46 44 5 10,44 5 10,12,0.124,CLEAN,FADING,Esthetician / lash / nail / hair pro,CANDIDATE,lash
EVERBEE ESTIMATE — NOT ETSY TRANSACTION DATA,EasyLearningPrintArt,16.0,4574.0,4415244899,"9000+ Pages Grade 1 Classroom Bundle Mega Worksheet Pack First Grade Curriculum Printables Science, Literacy  Math Print Homeschool Resource",10.0,7.0,513.0,0 0 19 89 143 41 50 78 36 19 7 31,19 7 31,10,0.112,CLEAN,FADING,Teacher (classroom),CANDIDATE,v1:homeschool
EVERBEE ESTIMATE — NOT ETSY TRANSACTION DATA,SmartAgentDocs,20.0,8514.0,1876239162,55 Real Estate Video Reel  Canva Video Reels | Real Estate Social Media | Real Estate Marketing | Instagram Canva Template | Templates,19.0,9.98,512.0,12 48 75 128 47 47 36 24 26 34 23 12,34 23 12,12,0.06,CLEAN,FADING,Real estate agent,CANDIDATE,real estate
EVERBEE ESTIMATE — NOT ETSY TRANSACTION DATA,AdvanceNursing,13.0,3140.0,4368159260,"Editable Pharmacology Study Sheet, Nursing Meds Guide (PDF)",13.0,6.42,506.0,15 54 46 23 65 4 69 107 31 0 46 46,0 46 46,11,0.161,CLEAN,ACTIVE,Nurse / nursing student,CANDIDATE,nurse;nursing
EVERBEE ESTIMATE — NOT ETSY TRANSACTION DATA,SelinaDigitalShop,11.0,3774.0,4493311530,Teacher Appreciation Gift Tags Thank You Teacher Gift Tag Teacher Appreciation Week Gift Tags School Party Favor Printable Label Template,5.0,3.98,463.0,0 0 0 0 0 0 0 16 224 123 59 41,123 59 41,5,0.123,NEAR-CLEAN,ACTIVE,Teacher (classroom),CANDIDATE,v1:teacher
EVERBEE ESTIMATE — NOT ETSY TRANSACTION DATA,Blossomsprintablez,12.0,1111.0,4479543640,"Nursing School Notes 4400+ Pages, Nclex Study Guide | MedSurg | Pharmacology |  Digital Download",7.0,40.0,456.0,0 0 0 0 0 14 82 24 24 163 125 24,163 125 24,7,0.41,NEAR-CLEAN,ACTIVE,Nurse / nursing student,CANDIDATE,nurse;nursing
EVERBEE ESTIMATE — NOT ETSY TRANSACTION DATA,DetailandDesigns,13.0,459.0,4382790240,Bachelorette/ Hen Weekend Itinerary Template: 15 Page Canva Planner (Digital),12.0,15.87,450.0,38 38 29 9 86 47 38 51 63 0 38 13,0 38 13,11,0.98,CLEAN,FADING,Engaged couple (wedding admin),CANDIDATE,v1:planner
EVERBEE ESTIMATE — NOT ETSY TRANSACTION DATA,MandysCleaning,16.0,1128.0,4349808102,New client packet,13.0,20.0,434.0,14 0 56 50 34 0 18 108 70 42 14 28,42 14 28,10,0.385,CLEAN,ACTIVE,Cleaning-business owner,CANDIDATE,v1:client
EVERBEE ESTIMATE — NOT ETSY TRANSACTION DATA,TheGoldenVows,22.0,783.0,1827844542,"Detailed Wedding Day Timeline Template | Main, Photographer, Venue, Hair & Makeup, Toastmaster | Editable Google Sheets Wedding Planner",22.0,2.26,396.0,44 22 0 22 22 22 66 44 78 16 38 22,16 38 22,11,0.506,CLEAN,ACTIVE,Engaged couple (wedding admin),CANDIDATE,photographer;v1:planner;v1:wedding
EVERBEE ESTIMATE — NOT ETSY TRANSACTION DATA,TheDesignHausbyLily,10.0,1403.0,4426423592,Esthetician Skincare Instagram Template | Luxury Skincare Instagram Templates | Esthetician Instagram Aesthetic |  Medspa Aesthetics,10.0,22.5,374.0,0 0 0 0 68 68 34 34 34 34 68 34,34 68 34,8,0.267,CLEAN,ACTIVE,Esthetician / lash / nail / hair pro,CANDIDATE,esthetician
EVERBEE ESTIMATE — NOT ETSY TRANSACTION DATA,ETDesignsIreland,20.0,781.0,4311549837,Digital Wedding Planner - Google Sheet Instant Download - Fully Customisable - Wedding Planning - Stress Free Wedding Checklist,16.0,10.22,352.0,81 84 38 50 44 22 11 0 0 22 0 0,22 0 0,8,0.451,CLEAN,FADING,Engaged couple (wedding admin),CANDIDATE,v1:checklist;v1:wedding
EVERBEE ESTIMATE — NOT ETSY TRANSACTION DATA,AcuityAura,6.0,419.0,4520522923,Lash Acuity Scheduling Template Lash Website Acuity Luxury Booking Site Acuity Lash tech Canva Lashes Diy Template,4.0,6.0,350.0,0 0 0 0 0 0 0 0 0 160 120 70,160 120 70,3,0.835,NEAR-CLEAN,ACTIVE,Esthetician / lash / nail / hair pro,CANDIDATE,lash
EVERBEE ESTIMATE — NOT ETSY TRANSACTION DATA,PaperPetalsTemplate,20.0,2910.0,4352934659,"Bachelorette party itinerary, Bachelorette invitation, Bach invite, Bachelorette Weekend, Travel Itinerary, Coastal Bachelorette, Girls trip",13.0,10.93,339.0,8 6 11 26 31 22 48 59 44 26 34 24,26 34 24,12,0.116,CLEAN,ACTIVE,Engaged couple (wedding admin),CANDIDATE,v1:travel
EVERBEE ESTIMATE — NOT ETSY TRANSACTION DATA,OmniaGoodsCo,11.0,3400.0,4396889226,"Basic rental agreement pdf, printable agreements, fillable rental form, editable landlords,  lease contract, Simple rental forms",10.0,3.5,336.0,0 0 0 20 8 0 52 44 16 84 84 28,84 84 28,8,0.099,CLEAN,ACTIVE,Landlord (legal forms),CANDIDATE,landlord;v1:contract;v1:forms;v1:rental
EVERBEE ESTIMATE — NOT ETSY TRANSACTION DATA,RNGrind,20.0,967.0,1863344662,SBAR Nurse Report Sheet | Med Surg SBAR Report Sheet for Nursing Student | Brain Sheet for New Grad Nurse | Rainbow Pastel Colors SBAR,20.0,3.14,320.0,51 26 17 14 38 39 22 21 18 13 27 34,13 27 34,12,0.331,CLEAN,ACTIVE,Nurse / nursing student,CANDIDATE,nurse;nursing;student
EVERBEE ESTIMATE — NOT ETSY TRANSACTION DATA,ScrubDoodles,14.0,460.0,4349928712,Nursing school Planner/Tracker Nighingale College Tracker,14.0,7.0,320.0,20 44 44 68 16 0 40 56 16 0 8 8,0 8 8,10,0.696,CLEAN,FADING,Nurse / nursing student,CANDIDATE,nurse;nursing;v1:tracker
EVERBEE ESTIMATE — NOT ETSY TRANSACTION DATA,TheRosyHueCo,17.0,6264.0,4473632312,"Acuity Scheduling Template, Hairstylist Booking Website, Canva Editable, Lash Tech, Nail Tech",6.0,6.89,319.0,0 0 0 0 0 0 0 109 20 46 98 46,46 98 46,5,0.051,NEAR-CLEAN,ACTIVE,Esthetician / lash / nail / hair pro,CANDIDATE,lash
EVERBEE ESTIMATE — NOT ETSY TRANSACTION DATA,SunshineHoneyDesign,21.0,1580.0,1848819228,7 Days of Creation Printable - Kids Bible Craft - Sunday School Activity - Homeschool Learning Tool,21.0,3.5,316.0,50 38 76 16 35 6 19 19 19 19 0 19,19 0 19,11,0.2,CLEAN,FADING,Homeschool parent,CANDIDATE,v1:homeschool
EVERBEE ESTIMATE — NOT ETSY TRANSACTION DATA,Miniprintsandco,19.0,3091.0,4518429874,Back to School Bulletin Board Kit Apple Theme Classroom Decor August September Welcome Back Bulletin Board Teacher Display Printable,4.0,3.99,312.0,0 0 0 0 0 0 0 0 0 57 143 112,57 143 112,3,0.101,NEAR-CLEAN,ACTIVE,Teacher (classroom),CANDIDATE,v1:teacher
EVERBEE ESTIMATE — NOT ETSY TRANSACTION DATA,ClueVerse,9.0,1369.0,4537791025,"Hospital Murder Mystery Puzzle: The Killer Isn't  The Nurse, Printable Detective Puzzle for Adults, Find The Killer, Instant Download PDF",3.0,9.0,299.0,0 0 0 0 0 0 0 0 0 78 106 115,78 106 115,3,0.218,NEAR-CLEAN,ACTIVE,Nurse / nursing student,CANDIDATE,nurse;nursing
EVERBEE ESTIMATE — NOT ETSY TRANSACTION DATA,KenziREdesigns,13.0,592.0,4347787906,Real Estate Home Buyer Guide: 24-Page Canva Template (Digital Download),13.0,20.0,298.0,52 46 0 20 60 0 60 20 20 0 0 20,0 0 20,8,0.503,CLEAN,FADING,Real estate agent,CANDIDATE,real estate
EVERBEE ESTIMATE — NOT ETSY TRANSACTION DATA,LittleArtisanLab,21.0,446.0,4440117312,Walk With Jesus Craft Printable | Christian Preschool Activity | Bible Craft for Kids | Sunday School | Homeschool PDF,8.0,2.99,294.0,0 0 0 0 18 52 66 88 42 28 0 0,28 0 0,6,0.659,NEAR-CLEAN,FADING,Homeschool parent,CANDIDATE,v1:homeschool
EVERBEE ESTIMATE — NOT ETSY TRANSACTION DATA,LaLaPlayKidsClub,14.0,807.0,4365994743,"Alphabet Tracing Workbook | 120 Pages Printable ABC Worksheets | Preschool, Pre-K, Kindergarten & Homeschool Handwriting Practice",13.0,2.99,294.0,39 45 27 63 28 25 24 12 16 3 9 3,3 9 3,12,0.364,CLEAN,FADING,Homeschool parent,CANDIDATE,v1:homeschool
EVERBEE ESTIMATE — NOT ETSY TRANSACTION DATA,PixelartStudioPK,9.0,428.0,4479521068,Full Year Preschool Curriculum Bundle 1190+ Pages| Pre-K Learning Worksheets|Homeschool Daycare Lessons| Binder Busy Book Toddler Activities,7.0,20.0,291.0,0 0 0 0 0 0 0 62 31 35 84 79,35 84 79,5,0.68,NEAR-CLEAN,ACTIVE,Home daycare / childcare provider,CANDIDATE,daycare;v1:binder;v1:business;v1:homeschool
EVERBEE ESTIMATE — NOT ETSY TRANSACTION DATA,LOUVADA,11.0,353.0,4441750252,"NURSING concept map bundle TEMPLATE, pharmacology, disease processes, student nurse study guide",9.0,1.74,288.0,0 0 0 20 4 48 24 54 66 0 48 24,0 48 24,8,0.816,CLEAN,ACTIVE,Nurse / nursing student,CANDIDATE,nurse;nursing;student
EVERBEE ESTIMATE — NOT ETSY TRANSACTION DATA,PrettyPixelsDigitals,13.0,1248.0,4383192405,Acuity Braid Booking Website Template Hair Braider Booking Site Acuity Scheduling Template Braiding Business Website Editable Canva Template,12.0,3.5,281.0,11 19 20 30 5 31 39 31 20 34 22 19,34 22 19,12,0.225,CLEAN,ACTIVE,Esthetician / lash / nail / hair pro,CANDIDATE,v1:business
EVERBEE ESTIMATE — NOT ETSY TRANSACTION DATA,sprinkleandprint,24.0,1942.0,4339534384,"All About My Teacher Printable PDF, My Teacher Favorite Things, Teacher Survey Printable, Getting to Know My Teacher Questionnaire for Gifts",15.0,1.75,271.0,29 25 19 0 22 22 22 22 22 22 22 44,22 22 44,11,0.14,CLEAN,ACTIVE,Teacher (classroom),CANDIDATE,v1:teacher
EVERBEE ESTIMATE — NOT ETSY TRANSACTION DATA,WonderkinWorkshop,9.0,425.0,4475796894,Fingerprint Flower Craft Art Teacher Appreciation Mother's Day Card Spring Kids Activity Digital Download,7.0,1.59,270.0,0 0 0 0 0 0 4 185 59 6 16 0,6 16 0,5,0.635,NEAR-CLEAN,FADING,Teacher (classroom),CANDIDATE,v1:teacher
EVERBEE ESTIMATE — NOT ETSY TRANSACTION DATA,SeyyahDigital,12.0,1599.0,4430969640,High School Transcript Template | Printables Home School Diploma | Editable Homeschoolers Academic Record | Official Smart HTML Template,10.0,7.0,267.0,0 0 5 22 17 37 40 48 30 26 22 20,26 22 20,10,0.167,CLEAN,ACTIVE,Homeschool parent,CANDIDATE,v1:homeschool
EVERBEE ESTIMATE — NOT ETSY TRANSACTION DATA,CloudCrafterPK,21.0,443.0,1869582428,"Wedding guest list Google Sheets, Wedding invitations checklist, Wedding invitation template, wedding seating arrangement, wedding tracker",19.0,3.98,262.0,25 37 15 17 12 31 18 17 23 19 27 21,19 27 21,12,0.591,CLEAN,ACTIVE,Engaged couple (wedding admin),CANDIDATE,v1:checklist;v1:tracker
EVERBEE ESTIMATE — NOT ETSY TRANSACTION DATA,BayseStudio,24.0,2823.0,1903900885,"Medspa Social Media Templates, Nurse Injector Instagram, Aesthetic Nurse, Medical Aesthetics, Medspa Post, Botox and Filler",18.0,24.43,261.0,37 11 14 33 20 38 41 28 8 5 16 10,5 16 10,12,0.092,CLEAN,FADING,Nurse / nursing student,CANDIDATE,nurse;nursing;v1:medical
EVERBEE ESTIMATE — NOT ETSY TRANSACTION DATA,HomesMaidHappy,17.0,851.0,4321402460,Cleaning Walkthrough Folder Papers (READ DESCRIPTION),15.0,15.0,256.0,34 69 17 68 17 2 32 0 0 8 9 0,8 9 0,9,0.301,CLEAN,FADING,Cleaning-business owner,CANDIDATE,v1:cleaning
EVERBEE ESTIMATE — NOT ETSY TRANSACTION DATA,AlexandraRadTech,16.0,1460.0,4420948625,Study Guide BUNDLE *Radiographic Positioning + Radiographic Anatomy* for Radiologic Technology Students - Digital Download PDF,10.0,45.0,252.0,0 0 30 54 0 12 24 12 38 24 38 20,24 38 20,9,0.173,CLEAN,ACTIVE,Allied-health student (non-nursing),CANDIDATE,student
EVERBEE ESTIMATE — NOT ETSY TRANSACTION DATA,DIYEliteStudio,7.0,1457.0,4500793137,"Parent Thank You Card Printable, Teacher Appreciation Poem, End of Year Gift, Editable Canva Classroom Note, Digital Download",4.0,3.99,252.0,0 0 0 0 0 0 0 0 144 92 16 0,92 16 0,3,0.173,NEAR-CLEAN,ACTIVE,Teacher (classroom),CANDIDATE,v1:teacher
EVERBEE ESTIMATE — NOT ETSY TRANSACTION DATA,HandyHeartPrintables,19.0,2077.0,1889690250,"Teacher appreciation fingerprint craft, flower leaving gift for teacher, personal Thankyou teacher gift from kids",17.0,3.71,252.0,0 0 20 82 6 0 18 0 17 37 51 21,37 51 21,8,0.121,CLEAN,ACTIVE,Teacher (classroom),CANDIDATE,v1:teacher
EVERBEE ESTIMATE — NOT ETSY TRANSACTION DATA,TheHausDesignz,8.0,1504.0,4573554264,"October Booking Flyer Template, Halloween Booking Flyer, Hair Lash Nails Salon Appointment Canva Template, Halloween Event Flyer, Sale Flyer",1.0,6.06,251.0,0 0 0 0 0 0 0 0 0 0 0 251,0 0 251,1,0.167,NEAR-CLEAN,ACTIVE,Esthetician / lash / nail / hair pro,CANDIDATE,lash;salon
EVERBEE ESTIMATE — NOT ETSY TRANSACTION DATA,JWDigitalPrintCo,24.0,892.0,1821260133,"JW Kids Coloring Pages, Jehovah Created All Things, Family Worship Idea, Homeschool Activity, Instant Download, Print at Home, jw.org, PDF",23.0,1.4,250.0,0 40 39 0 27 26 22 4 13 49 28 2,49 28 2,10,0.28,CLEAN,ACTIVE,Homeschool parent,CANDIDATE,v1:homeschool
EVERBEE ESTIMATE — NOT ETSY TRANSACTION DATA,UntamedMomCo,21.0,462.0,4309184809,"Teacher Letter for ‘Oh, The Places You’ll Go’ Book.   End of Year Printable Note.     Graduation Tradition Keepsake for Students",17.0,1.25,242.0,0 18 4 0 3 19 18 110 26 18 26 0,18 26 0,9,0.524,CLEAN,ACTIVE,Teacher (classroom),CANDIDATE,student;v1:teacher
EVERBEE ESTIMATE — NOT ETSY TRANSACTION DATA,MintPixelMarket,11.0,3629.0,4483278588,"Kids Busy Book Bundle for Toddlers | Farm, Anatomy & Ocean Learning Activities, Montessori Preschool Printable, busy book, busy book bundle",6.0,4.2,234.0,0 0 0 0 0 0 28 85 107 7 7 0,7 7 0,5,0.064,NEAR-CLEAN,FADING,Allied-health student (non-nursing),CANDIDATE,v1:business
EVERBEE ESTIMATE — NOT ETSY TRANSACTION DATA,DreamworkC,17.0,827.0,4344262421,Toddler Curriculum 1–2 Years 365 Daily Activities Montessori Lesson Plans | Printable Preschool PDF Play-Based Learning Bundle | Homeschool,14.0,18.91,231.0,6 12 1 5 46 23 18 27 11 20 23 39,20 23 39,12,0.279,CLEAN,ACTIVE,Teacher (classroom),CANDIDATE,v1:homeschool
EVERBEE ESTIMATE — NOT ETSY TRANSACTION DATA,Kolloura,14.0,907.0,4412656954,4th Grade Mega Workbook Bundle | Homeschool Printable Pack (PDF),11.0,7.99,231.0,0 0 3 81 0 21 12 9 42 21 0 42,21 0 42,8,0.255,CLEAN,ACTIVE,Homeschool parent,CANDIDATE,v1:homeschool
EVERBEE ESTIMATE — NOT ETSY TRANSACTION DATA,GetRealtyLicense,19.0,398.0,4417676026,Real Estate Exam Cheat Sheet | 32+ Pages | Instant Download | Study Guide,10.0,18.99,228.0,0 0 0 0 29 9 39 41 34 29 28 19,29 28 19,8,0.573,CLEAN,ACTIVE,Allied-health student (non-nursing),CANDIDATE,real estate
EVERBEE ESTIMATE — NOT ETSY TRANSACTION DATA,LearnNGrowPrints,16.0,1898.0,4393924387,Ultimate Toddler Curriculum: 350+ Printable Homeschool Activities for 2-5 year olds (Digital Learning Bundle),12.0,15.75,216.0,0 0 27 54 3 74 4 0 7 20 27 0,20 27 0,8,0.114,CLEAN,ACTIVE,Homeschool parent,CANDIDATE,v1:homeschool
EVERBEE ESTIMATE — NOT ETSY TRANSACTION DATA,ViralInviteLab,8.0,771.0,4533823199,"Meet The Teacher Template, Editable Meet Your Teacher Letter, Composition Notebook Meet the Teacher Flyer, Printable Teacher Introduction",3.0,3.2,215.0,0 0 0 0 0 0 0 0 0 98 74 43,98 74 43,3,0.279,NEAR-CLEAN,ACTIVE,Teacher (classroom),CANDIDATE,v1:teacher
EVERBEE ESTIMATE — NOT ETSY TRANSACTION DATA,JtimminsCo,17.0,678.0,1889464660,"Digital Teacher Appreciation Print, Printable Story Gift, Teacher Week Thank You, Classroom Gift, Teacher Gift Idea",17.0,2.5,210.0,10 8 20 12 0 0 0 32 58 60 10 0,60 10 0,8,0.31,CLEAN,ACTIVE,Teacher (classroom),CANDIDATE,v1:teacher
EVERBEE ESTIMATE — NOT ETSY TRANSACTION DATA,KidSmartCrafts,16.0,2063.0,4368592474,"Bible Study Guide for Kids Christian Education Pack from Old Testament Heroes | Teach Kids About David, Esther, Noah & More for Homeschool",13.0,1.99,206.0,11 31 29 43 12 13 12 15 10 9 11 10,9 11 10,12,0.1,CLEAN,FADING,Allied-health student (non-nursing),CANDIDATE,v1:homeschool
EVERBEE ESTIMATE — NOT ETSY TRANSACTION DATA,idotoodesigns,8.0,213.0,4443850006,35-Page Wedding Planner Binder Template (Digital Download),8.0,15.0,204.0,0 0 0 0 15 45 22 14 12 46 20 30,46 20 30,8,0.958,CLEAN,ACTIVE,Engaged couple (wedding admin),CANDIDATE,v1:binder
EVERBEE ESTIMATE — NOT ETSY TRANSACTION DATA,HoneyHillLearning,15.0,360.0,4536677322,Ultimate Homeschool Mom Planner,2.0,8.0,203.0,0 0 0 0 0 0 0 0 0 0 65 138,0 65 138,2,0.564,NEAR-CLEAN,ACTIVE,Homeschool parent,CANDIDATE,v1:homeschool
EVERBEE ESTIMATE — NOT ETSY TRANSACTION DATA,PixelPrimeUK,11.0,1492.0,4425894740,"Tenancy Agreement, Printable Rental Agreement Form Template, Editable Tenancy Agreement Rental Contract Instant Digital Download",10.0,3.04,196.0,0 0 0 24 4 12 16 28 56 28 0 28,28 0 28,8,0.131,CLEAN,ACTIVE,Landlord (legal forms),CANDIDATE,v1:contract;v1:forms;v1:rental
EVERBEE ESTIMATE — NOT ETSY TRANSACTION DATA,JoyPaperHome,8.0,3368.0,4530411191,"Toffifee Wrapper Daycare Kindergarten Farewell, DIY Gift for Teacher Educator Childminder, So Glad You Were There for Me/Us",4.0,4.45,194.0,0 0 0 0 0 0 0 0 1 163 21 9,163 21 9,4,0.058,NEAR-CLEAN,ACTIVE,Home daycare / childcare provider,CANDIDATE,daycare;v1:forms
EVERBEE ESTIMATE — NOT ETSY TRANSACTION DATA,NursingByJaak,19.0,826.0,4460135091,Medical Coding Study Guide & Cheat Sheet | Diagnosis and Procedure Coding Notes | 110+ Page PDF,8.0,15.5,192.0,0 0 0 0 0 50 74 20 0 24 8 16,24 8 16,6,0.232,NEAR-CLEAN,ACTIVE,Allied-health student (non-nursing),CANDIDATE,v1:medical
EVERBEE ESTIMATE — NOT ETSY TRANSACTION DATA,dearJJStudio,13.0,743.0,4440577362,"Custom House Portrait Illustration, Hand Drawn Home Art, Realtor Housewarming Gift (Digital Download)",9.0,35.0,189.0,0 0 0 12 6 9 28 53 27 9 37 8,9 37 8,9,0.254,CLEAN,ACTIVE,Real estate agent,CANDIDATE,realtor
EVERBEE ESTIMATE — NOT ETSY TRANSACTION DATA,ShopEACreative,21.0,1876.0,1893826717,"Camp Bachelorette Itinerary Template: Digital Mobile Invitation, Canva, Instant Download, customizable, invitation, travel, camp bach",19.0,7.99,187.0,34 0 34 31 20 0 42 9 2 15 0 0,15 0 0,8,0.1,CLEAN,FADING,Engaged couple (wedding admin),CANDIDATE,v1:travel
EVERBEE ESTIMATE — NOT ETSY TRANSACTION DATA,TheMountainTeacherCO,19.0,2061.0,4368006695,"Bug Lab Dramatic Play Printables: Insect Catching Role Play Activities for Kindergarten, Preschool, Toddlers and Homeschool (PDF Download)",13.0,5.0,186.0,0 0 31 0 12 23 27 31 0 21 10 31,21 10 31,8,0.09,CLEAN,ACTIVE,Homeschool parent,CANDIDATE,v1:homeschool
EVERBEE ESTIMATE — NOT ETSY TRANSACTION DATA,shopKaitlynKitchen,17.0,478.0,4295303173,Wedding Planner Binder Template: 30+ Editable Pages (Digital Download),17.0,8.0,182.0,65 13 33 15 30 0 13 0 0 0 7 6,0 7 6,8,0.381,CLEAN,FADING,Engaged couple (wedding admin),CANDIDATE,v1:binder
EVERBEE ESTIMATE — NOT ETSY TRANSACTION DATA,StudioLumeya,23.0,465.0,4427156838,"Esthetician Instagram Canva Templates for Beauty Salons, Skincare Studios, and Lash Artists | Social Media Kit with Stock Photos",10.0,18.73,181.0,0 0 0 46 14 38 28 27 0 2 20 6,2 20 6,8,0.389,CLEAN,ACTIVE,Esthetician / lash / nail / hair pro,CANDIDATE,esthetician;lash;salon
EVERBEE ESTIMATE — NOT ETSY TRANSACTION DATA,SugarBumbl,11.0,463.0,4466590522,Fingerprint Bug Craft Printable | Spring Bug Activity for Kids | Preschool Art Project | Daycare Craft | Toddler Fingerprint Activity,7.0,2.0,180.0,0 0 0 0 0 20 20 60 34 23 3 20,23 3 20,7,0.389,NEAR-CLEAN,ACTIVE,Home daycare / childcare provider,CANDIDATE,daycare
EVERBEE ESTIMATE — NOT ETSY TRANSACTION DATA,Fanninghouse,8.0,515.0,4479182439,"Real Estate Flyer Template, Listing Flyer, Open House Flyer, Just Listed Flyer, Luxury Property Flyer, Real Estate Marketing, Editable Canva",7.0,7.99,172.0,0 0 0 0 0 0 13 58 31 20 28 22,20 28 22,6,0.334,NEAR-CLEAN,ACTIVE,Real estate agent,CANDIDATE,real estate
EVERBEE ESTIMATE — NOT ETSY TRANSACTION DATA,Luminaradigitalstore,18.0,2899.0,4321918533,Lash Lift & Brow Lamination Reels: IG Video Templates (Digital Download),16.0,52.93,169.0,36 49 14 14 14 14 0 0 0 14 0 14,14 0 14,8,0.058,CLEAN,ACTIVE,Esthetician / lash / nail / hair pro,CANDIDATE,lash
EVERBEE ESTIMATE — NOT ETSY TRANSACTION DATA,LuxAestheticCo,24.0,2582.0,4315533436,"80 lash instagram reels, lash tech reels, lash extension video, Lash Tech Instagram Templates, Lash Extension Social Media, lash video",15.0,25.0,168.0,21 42 21 0 0 3 39 21 0 6 15 0,6 15 0,8,0.065,CLEAN,FADING,Esthetician / lash / nail / hair pro,CANDIDATE,lash
EVERBEE ESTIMATE — NOT ETSY TRANSACTION DATA,yournursebestieco,12.0,272.0,4396169507,ICU Nurse Report Sheet | Customizable RN Template (Digital Download),12.0,5.0,165.0,15 23 22 15 17 28 10 9 11 0 0 15,0 0 15,10,0.607,CLEAN,FADING,Nurse / nursing student,CANDIDATE,nurse;nursing;RN
EVERBEE ESTIMATE — NOT ETSY TRANSACTION DATA,DaysWellSpentCo,11.0,731.0,4474677622,"End of the Year Poem from Preschool Teacher, Goodbye Letter to Student, Preschool Keepsake, End of Year Memory Book",6.0,2.5,163.0,0 0 0 0 0 0 3 35 92 27 5 1,27 5 1,6,0.223,NEAR-CLEAN,ACTIVE,Teacher (classroom),CANDIDATE,student
EVERBEE ESTIMATE — NOT ETSY TRANSACTION DATA,ChensCanvas,12.0,687.0,4413209323,Hair Vendor Canva Templates Bundle Wig Instagram Marketing Posts,11.0,4.74,163.0,0 3 31 28 21 20 17 11 8 5 12 7,5 12 7,11,0.237,CLEAN,FADING,Esthetician / lash / nail / hair pro,CANDIDATE,vendor
EVERBEE ESTIMATE — NOT ETSY TRANSACTION DATA,ZenithPixels,13.0,2114.0,4558759811,"September Books Now Open Flyer, September Booking Flyer Template Canva, Hair Lash Nail Braid Makeup Beauty Stylist Fall Booking Promo Design",2.0,2.99,162.0,0 0 0 0 0 0 0 0 0 0 69 93,0 69 93,2,0.077,NEAR-CLEAN,ACTIVE,Esthetician / lash / nail / hair pro,CANDIDATE,lash
EVERBEE ESTIMATE — NOT ETSY TRANSACTION DATA,Planetics,22.0,874.0,4455849501,Homeschooler Planner Google Sheets Curriculum Planner Spreadsheet Lesson Planner Homeschooling Parent Teacher Gradebook Assignment Tracker,7.0,12.0,157.0,0 0 0 0 0 0 15 23 31 19 19 50,19 19 50,6,0.18,NEAR-CLEAN,ACTIVE,Teacher (classroom),CANDIDATE,v1:homeschool;v1:spreadsheet
EVERBEE ESTIMATE — NOT ETSY TRANSACTION DATA,MadeKindDigitals,13.0,1764.0,4385949970,Esthetician Branding Booking Site Esthetician Acuity Scheduling Template Esthetician Canva Design for Esthetic Booking Appointment Schedule,12.0,4.55,156.0,14 58 6 26 13 13 13 0 0 0 0 13,0 0 13,8,0.088,CLEAN,FADING,Esthetician / lash / nail / hair pro,CANDIDATE,esthetician
EVERBEE ESTIMATE — NOT ETSY TRANSACTION DATA,allfaithart,19.0,2498.0,4562404588,Acuity Scheduling Template: Diy Booking Website for Hair Nail Hair Braids Lash Wig Makeup (Editable Canva Template),2.0,7.34,156.0,0 0 0 0 0 0 0 0 0 0 121 35,0 121 35,2,0.062,NEAR-CLEAN,ACTIVE,Esthetician / lash / nail / hair pro,CANDIDATE,lash
EVERBEE ESTIMATE — NOT ETSY TRANSACTION DATA,BooknCraft,8.0,312.0,4481380777,BLS AHA Provider/Student PDF Manual (2025- Current),1.0,9.33,155.0,0 0 0 0 0 0 0 46 42 29 37 1,29 37 1,5,0.497,NEAR-CLEAN,ACTIVE,Allied-health student (non-nursing),CANDIDATE,student
EVERBEE ESTIMATE — NOT ETSY TRANSACTION DATA,UhMazynDesigns,24.0,1108.0,1793160650,Braiding & Loc Foundations Textbook | 149-Page Editable Canva Template | Student Training Manual for Hair Braiding Instructors,24.0,30.0,146.0,11 14 24 19 15 22 21 9 3 5 3 0,5 3 0,11,0.132,CLEAN,FADING,Esthetician / lash / nail / hair pro,CANDIDATE,student
EVERBEE ESTIMATE — NOT ETSY TRANSACTION DATA,PrintyPalsShop,21.0,1933.0,1889254888,100 Bible Character Flashcards: Christian Education for Kids. Homeschool Printables.,18.0,8.37,142.0,21 9 12 28 17 14 4 7 6 8 9 7,8 9 7,12,0.073,CLEAN,ACTIVE,Allied-health student (non-nursing),CANDIDATE,v1:homeschool
EVERBEE ESTIMATE — NOT ETSY TRANSACTION DATA,TheneonnestStudio,15.0,1552.0,4492304707,"50 Nursing Awards Funny Superlatives Printable, Editable Nurse Award Certificates Canva, Nurse Appreciation Gift, Staff Recognition Game",6.0,3.97,140.0,0 0 0 0 0 0 17 3 40 60 0 20,60 0 20,5,0.09,NEAR-CLEAN,ACTIVE,Nurse / nursing student,CANDIDATE,nurse;nursing
EVERBEE ESTIMATE — NOT ETSY TRANSACTION DATA,TheMemoirArchive,13.0,337.0,4369675747,"Editable Wedding Planner Binder Template: 145 Pages, Checklist, Bride Organizer (Digital Download)",13.0,35.0,140.0,20 26 14 20 5 25 20 0 0 4 6 0,4 6 0,9,0.415,CLEAN,FADING,Engaged couple (wedding admin),CANDIDATE,v1:binder;v1:checklist
EVERBEE ESTIMATE — NOT ETSY TRANSACTION DATA,CuriousKiddoPrints,21.0,2398.0,1849666838,Colorful Preschool Center Signs: Daycare & Classroom Decor Printable PDF,21.0,2.21,130.0,13 10 11 10 15 9 11 8 2 5 29 7,5 29 7,12,0.054,CLEAN,ACTIVE,Home daycare / childcare provider,CANDIDATE,daycare
EVERBEE ESTIMATE — NOT ETSY TRANSACTION DATA,KyndDesignzCo,8.0,901.0,4573891580,"October Booking Flyer Template, Halloween Booking Flyer, Hair Lash Nails Salon Appointment Canva Template, October Calendar Flyer",1.0,6.07,129.0,0 0 0 0 0 0 0 0 0 0 0 129,0 0 129,1,0.143,NEAR-CLEAN,ACTIVE,Esthetician / lash / nail / hair pro,CANDIDATE,salon
EVERBEE ESTIMATE — NOT ETSY TRANSACTION DATA,BlissBridePrints,24.0,408.0,1773746942,"Digital Bridesmaid Planning Questionnaire, Editable Google Form for Bridesmaid Bridal Party, Bride Wedding Planning",24.0,1.99,126.0,14 2 36 4 0 14 34 8 0 14 0 0,14 0 0,8,0.309,CLEAN,FADING,Engaged couple (wedding admin),CANDIDATE,v1:forms
EVERBEE ESTIMATE — NOT ETSY TRANSACTION DATA,MerakiLivingDesigns,13.0,377.0,4440021406,64' x 28' Lean Modern 2 Bedroom House Architectural Plans – 1368 Sq Ft Eco Cabin w/ Huge Deck | Airbnb / ADU Blueprint PDF,9.0,126.34,124.0,0 0 0 7 14 36 12 0 22 5 12 16,5 12 16,8,0.329,CLEAN,ACTIVE,Short-term rental host,CANDIDATE,airbnb
EVERBEE ESTIMATE — NOT ETSY TRANSACTION DATA,MaisonCreativeCo,9.0,827.0,4513623569,Esthetician Med Spa Beauty Salon Business Card Template | Skincare Branding | Modern Editable on Canva Double Sided Customizable Card,5.0,10.0,123.0,0 0 0 0 0 0 0 0 41 17 24 41,17 24 41,4,0.149,NEAR-CLEAN,ACTIVE,Esthetician / lash / nail / hair pro,CANDIDATE,esthetician;salon
EVERBEE ESTIMATE — NOT ETSY TRANSACTION DATA,TheCalmMindLab,10.0,546.0,4504352305,"Digital Teacher Planner, Classroom Organizer, Gradebook & Homework Log",5.0,9.99,121.0,0 0 0 0 0 0 0 26 40 36 15 4,36 15 4,5,0.222,NEAR-CLEAN,ACTIVE,Teacher (classroom),CANDIDATE,v1:log
EVERBEE ESTIMATE — NOT ETSY TRANSACTION DATA,StudioAmelieDesign,12.0,211.0,4393788856,Minimal Photographer Canva Templates | Elegant Instagram Kit (Digital Download),12.0,14.39,120.0,0 2 13 0 36 24 0 15 15 8 7 0,8 7 0,8,0.569,CLEAN,FADING,Photographer,CANDIDATE,photographer
EVERBEE ESTIMATE — NOT ETSY TRANSACTION DATA,CoucouLittleWorld,14.0,554.0,4378713934,"Notes from the Substitute Teacher, Printable Classroom Feedback, Teacher Report, Editable Notes for Students",13.0,3.52,120.0,0 10 20 27 3 0 15 15 0 15 0 15,15 0 15,8,0.217,CLEAN,ACTIVE,Teacher (classroom),CANDIDATE,student
EVERBEE ESTIMATE — NOT ETSY TRANSACTION DATA,LittleKeepables,21.0,962.0,4312466955,"Editable Teacher Photo Gift from Whole Class, A4 or A5 End of Year Appreciation Print or Card with Student Pictures – Canva Balloon Template",17.0,6.55,118.0,18 22 18 3 4 5 20 19 5 4 0 0,4 0 0,10,0.123,CLEAN,FADING,Teacher (classroom),CANDIDATE,student
EVERBEE ESTIMATE — NOT ETSY TRANSACTION DATA,VOZEASTUDIO,16.0,445.0,4388684324,Hairstylist Business Card Beauty Salon QR Code Networking Esthetician Lash Tech  Extension Wig Maker Minimalist Photo Canva Digital Download,12.0,7.99,115.0,0 3 13 21 8 16 12 8 4 10 7 13,10 7 13,11,0.258,CLEAN,ACTIVE,Esthetician / lash / nail / hair pro,CANDIDATE,esthetician;salon
EVERBEE ESTIMATE — NOT ETSY TRANSACTION DATA,TemploCabin,8.0,1524.0,4521055114,"July lash Special Flyer, lash Flyer, lash Esthetician Flyer, Lash Booking, Summer lash Deals Flyer, July lash Extension, Canva Editable",4.0,3.8,110.0,0 0 0 0 0 0 0 0 29 47 21 13,47 21 13,4,0.072,NEAR-CLEAN,ACTIVE,Esthetician / lash / nail / hair pro,CANDIDATE,esthetician
EVERBEE ESTIMATE — NOT ETSY TRANSACTION DATA,StudioMukaeru,11.0,684.0,4486274394,"1000+ Real Estate Instagram Template Luxury Realtor Posts, Stories Reels Aesthetic Social Media Marketing & Branding Agent Canva Templates",6.0,27.77,105.0,0 0 0 0 0 0 8 26 28 18 17 8,18 17 8,6,0.154,NEAR-CLEAN,ACTIVE,Real estate agent,CANDIDATE,real estate;realtor
EVERBEE ESTIMATE — NOT ETSY TRANSACTION DATA,TeacherAllyCreatives,16.0,1031.0,4472405022,"Editable Student Photo Frame Printable, Flower Frame Classroom Display, Bulletin Board Decorations",7.0,3.35,105.0,0 0 0 0 0 7 43 43 3 2 3 4,2 3 4,7,0.102,NEAR-CLEAN,FADING,Teacher (classroom),CANDIDATE,student
EVERBEE ESTIMATE — NOT ETSY TRANSACTION DATA,CherryEleanor,4.0,1016.0,4527889283,Teacher Portrait Badges | Editable Card Template | Canva Custom Badge | Homeschool Student Name Badge | Printable Teacher Badge,4.0,2.99,100.0,0 0 0 0 0 0 0 0 0 50 13 37,50 13 37,3,0.098,NEAR-CLEAN,ACTIVE,Teacher (classroom),CANDIDATE,student
EVERBEE ESTIMATE — NOT ETSY TRANSACTION DATA,TCGShopper,12.0,9160.0,4379237147,"Pokémon Complete Pokédex Placeholder Cards (No. 1–1025, English Names) / Komplette Pokédex-Sammelkarte (Platzhalter Nr. 1–1025) ( ENGLISCH )",12.0,2.23,7163.0,34 2 397 427 543 995 1062 1136 943 863 486 275,863 486 275,12,0.782,CLEAN,ACTIVE,IP / fan merch,DESIGN,v1:broad
EVERBEE ESTIMATE — NOT ETSY TRANSACTION DATA,EleoAtelierShop,13.0,6478.0,4374890105,"Barrel Leg Pant PDF Pattern for Baby: Easy Beginner Sewing Pattern for Fashion Mom and Toddler,DIY Kid Pants Infant to Preschool",13.0,9.25,5767.0,264 440 494 745 710 716 595 521 263 315 406 298,315 406 298,12,0.89,CLEAN,ACTIVE,Crafter (patterns),DESIGN,v1:baby;v1:broad
EVERBEE ESTIMATE — NOT ETSY TRANSACTION DATA,LindseyGraceCreates,14.0,8098.0,4350794658,The Big Giant Reversible Quilted Bow | Beginner Friendly PDF Sewing Pattern Instructions and Video Tutorial for Oversized Quilted Fabric Bow,14.0,13.76,5500.0,1128 1395 903 565 210 156 167 165 318 178 169 146,178 169 146,12,0.679,CLEAN,FADING,Crafter (patterns),DESIGN,v1:broad
EVERBEE ESTIMATE — NOT ETSY TRANSACTION DATA,Embroiderydesignfont,17.0,7688.0,4461355497,"BX Cursive Machine Embroidery Font Monogram Script Alphabet Satin Stitch Font PES DST Jef Hus Boho Signature Font 11 Sizes, Instant Download",8.0,9.39,5012.0,0 0 0 0 0 579 924 885 633 660 669 662,660 669 662,7,0.652,NEAR-CLEAN,ACTIVE,Merch / decor / design assets (any buyer),DESIGN,v1:broad
EVERBEE ESTIMATE — NOT ETSY TRANSACTION DATA,KrochetByKrisShop,18.0,8583.0,4311450282,Mystery Retro Daisy Granny Square Cardigan Crochet Pattern | PDF Crochet Pattern – English Only,17.0,5.99,4856.0,995 632 391 394 401 406 291 414 252 240 230 210,240 230 210,12,0.566,CLEAN,FADING,Crafter (patterns),DESIGN,v1:broad
EVERBEE ESTIMATE — NOT ETSY TRANSACTION DATA,ShopCrochetedbyK,15.0,7704.0,4384681718,Batter Up Top - Crochet Sports Top/Cardigan Pattern,12.0,7.13,4225.0,46 98 63 145 315 626 1033 774 547 217 135 226,217 135 226,12,0.548,CLEAN,FADING,Crafter (patterns),DESIGN,v1:broad
EVERBEE ESTIMATE — NOT ETSY TRANSACTION DATA,MatchboxPoster,11.0,4852.0,4414981589,Personalized matchbox poster,11.0,12.99,4039.0,0 31 1092 997 890 264 265 200 78 72 100 50,72 100 50,11,0.832,CLEAN,FADING,Merch / decor / design assets (any buyer),DESIGN,v1:broad
EVERBEE ESTIMATE — NOT ETSY TRANSACTION DATA,Meekhun125,22.0,5603.0,4366194103,Crochet Wildflower Bandana Pattern: Vintage Floral Headscarf (PDF Pattern),12.0,2.0,3709.0,0 60 20 128 140 220 354 583 489 632 738 345,632 738 345,11,0.662,CLEAN,ACTIVE,Crafter (patterns),DESIGN,v1:broad
EVERBEE ESTIMATE — NOT ETSY TRANSACTION DATA,ManonLDelahaute,21.0,5850.0,1836380439,Sac Croissant avec ou sans volants / Crescent bag with ruffles - PDF patron / pattern - Tailles Moyenne et Large / Medium and Large sizes,21.0,11.91,3605.0,452 369 392 282 307 267 220 324 393 191 269 139,191 269 139,12,0.616,CLEAN,ACTIVE,Crafter (patterns),DESIGN,v1:broad
EVERBEE ESTIMATE — NOT ETSY TRANSACTION DATA,CozyCafePaperie,21.0,12460.0,1906210831,"Baby Shower Games Bundle, Minimalist Gender Neutral Baby Sprinkle Activities, Printable Funny Simple Baby Shower Games, Fun Activity, b54s",18.0,9.99,3600.0,450 623 637 326 342 282 134 141 151 134 224 156,134 224 156,12,0.289,CLEAN,FADING,Expecting / new parent,VAGUE,v1:baby;v1:broad
EVERBEE ESTIMATE — NOT ETSY TRANSACTION DATA,AuraFibers,14.0,6870.0,4427698415,Linea Bralette Pattern PDF | Size Inclusive Crochet PATTERN | Digital Download,10.0,7.5,3591.0,0 0 101 224 247 462 247 414 228 701 631 336,701 631 336,10,0.523,CLEAN,ACTIVE,Crafter (patterns),DESIGN,v1:broad
EVERBEE ESTIMATE — NOT ETSY TRANSACTION DATA,SarahForrestKnits,21.0,4584.0,1841275428,"Triangle scarf pattern, beginner friendly knitting",21.0,2.43,3562.0,535 830 881 568 238 64 167 84 55 40 28 72,40 28 72,12,0.777,CLEAN,FADING,Crafter (patterns),DESIGN,v1:broad
EVERBEE ESTIMATE — NOT ETSY TRANSACTION DATA,GildedMothPatterns,12.0,8507.0,4414732071,Entire Shop counted Cross Stitch Bundle • 100+ Gothic & Medieval Patterns • Printable PDF Charts • Instant Download • Sampler Pack,11.0,70.0,3422.0,0 3 404 590 543 494 537 273 197 160 144 77,160 144 77,11,0.402,CLEAN,FADING,Crafter (patterns),DESIGN,v1:broad
EVERBEE ESTIMATE — NOT ETSY TRANSACTION DATA,LizaKwakKnits,21.0,10436.0,4358057543,Ferdinand the Felt Cat PDF Sewing Pattern | Beginner Friendly | Digital Download,14.0,6.19,3404.0,190 497 704 384 295 192 288 283 147 164 87 173,164 87 173,12,0.326,CLEAN,FADING,Crafter (patterns),DESIGN,v1:broad
EVERBEE ESTIMATE — NOT ETSY TRANSACTION DATA,CustomGroupGifts,19.0,8825.0,4301730234,ADHD Adult Digital Budget Planner Google Sheets Monthly Bill Tracker Personal Income Expense  Weekly Paycheck Journal Debt Payoff Tool 2026,17.0,1.94,3396.0,352 375 713 756 181 430 141 159 217 54 9 9,54 9 9,12,0.385,CLEAN,FADING,ADHD adult (excluded by brief),EXCLUDED_BY_BRIEF,v1:adhd;v1:broad;v1:budget;v1:planner;v1:tracker
EVERBEE ESTIMATE — NOT ETSY TRANSACTION DATA,DinastyPatterns,18.0,10485.0,4387316624,"Gusset Tote Bag Sewing Pattern: Bandana Bag, Quilted, for Shopping, Instant Download",12.0,6.99,3310.0,0 45 19 79 33 56 227 685 910 631 391 234,631 391 234,11,0.316,CLEAN,ACTIVE,Crafter (patterns),DESIGN,v1:broad
EVERBEE ESTIMATE — NOT ETSY TRANSACTION DATA,IuliDesigns,16.0,8839.0,4317870438,Cuddle Bud Kitty - Cuddle Buddies Amigurumi Crochet Pattern ENGLISH,15.0,5.68,3304.0,305 240 220 460 529 208 254 221 137 175 299 256,175 299 256,12,0.374,CLEAN,ACTIVE,Crafter (patterns),DESIGN,v1:broad
EVERBEE ESTIMATE — NOT ETSY TRANSACTION DATA,TheCanvaDesigns,18.0,6665.0,4296954135,"Birthday Magazine Template Canva, Custom Birthday Gift for Bestie, Personalized Photobook, Aesthetic Birthday Photo Album for friend",17.0,19.0,3279.0,630 556 588 487 428 167 239 48 53 40 43 0,40 43 0,11,0.492,CLEAN,FADING,Kids learning / party host,DESIGN,v1:broad
EVERBEE ESTIMATE — NOT ETSY TRANSACTION DATA,AbbyOrganizes,15.0,9726.0,4316143583,Ultimate Finance Dashboard: Annual Budget Spreadsheet for Google Sheets (Digital Download),15.0,24.0,3259.0,51 48 153 431 928 421 310 152 216 127 206 216,127 206 216,12,0.335,CLEAN,ACTIVE,Household budgeter (#1-#7 live),LIVE_LL,v1:broad;v1:budget;v1:spreadsheet
EVERBEE ESTIMATE — NOT ETSY TRANSACTION DATA,JULESMSMIT,24.0,6453.0,1803767530,Snow Top Sewing Pattern,23.0,16.74,3135.0,207 287 351 331 279 172 164 295 209 387 197 256,387 197 256,12,0.486,CLEAN,ACTIVE,Crafter (patterns),DESIGN,v1:broad
EVERBEE ESTIMATE — NOT ETSY TRANSACTION DATA,VinylsCreation,16.0,7483.0,4393562822,"Crochet Hatching Baby Dragon & Eggs Pattern, Baby Dragon Crochet Pattern, Amigurumi Set (PDF File)",12.0,4.5,3108.0,0 53 269 600 582 514 471 248 188 102 81 0,102 81 0,10,0.415,CLEAN,FADING,Crafter (patterns),DESIGN,v1:baby;v1:broad
EVERBEE ESTIMATE — NOT ETSY TRANSACTION DATA,DrChocoCrocheet,22.0,13488.0,4327154865,Crochet Hatching Baby Dragon & Eggs Amigurumi Pattern (PDF Download),16.0,6.1,3023.0,545 310 355 470 154 340 220 144 99 194 85 107,194 85 107,12,0.224,CLEAN,FADING,Crafter (patterns),DESIGN,v1:baby;v1:broad
EVERBEE ESTIMATE — NOT ETSY TRANSACTION DATA,GalleryWallDecorArt,14.0,7399.0,4363875620,"ENTIRE SHOP SALE — 30,000 Printable Wall Art Set | Gallery Wall Bundle | Maximalist Prints | | Trendy Posters | Digital Download",13.0,19.0,2981.0,40 139 283 383 511 373 258 205 199 245 232 113,245 232 113,12,0.403,CLEAN,ACTIVE,Merch / decor / design assets (any buyer),DESIGN,v1:broad
EVERBEE ESTIMATE — NOT ETSY TRANSACTION DATA,CassyOriginals,12.0,5424.0,4412567577,"Custom Printable Concert Tickets, Download Digital Custom Personalized Concert Ticket Souvenir, Surprise Gift Holiday, Anniversary Gift",11.0,4.95,2907.0,0 35 2033 194 97 99 122 108 63 88 49 19,88 49 19,11,0.536,CLEAN,FADING,Unassigned,VAGUE,v1:broad
EVERBEE ESTIMATE — NOT ETSY TRANSACTION DATA,getsvgfiles,13.0,3407.0,4378503731,"Custom Design in 2 hours, Custom SVG, Custom PNG, Personalized SVG, Custom Name svg, Custom vector files, Custom Graphic Design Service",13.0,6.65,2815.0,0 66 138 413 604 450 316 246 186 118 158 120,118 158 120,11,0.826,CLEAN,FADING,Merch / decor / design assets (any buyer),DESIGN,v1:broad
EVERBEE ESTIMATE — NOT ETSY TRANSACTION DATA,EventsByAnn,13.0,13718.0,4487708304,"Editable Envelope Liner Template: DIY Stationery Design Canva Digital Download Printable Liner, Wedding C5, C6, A7, Square",6.0,1.5,2748.0,0 0 0 0 0 0 15 449 488 913 483 400,913 483 400,6,0.2,NEAR-CLEAN,ACTIVE,Wedding guest-facing decor,DESIGN,v1:broad;v1:wedding
EVERBEE ESTIMATE — NOT ETSY TRANSACTION DATA,LifePrintableStore,19.0,3824.0,4398687250,"ADHD Cleaning Planner Bundle, ADHD Cleaning Checklist, ADHD Chore Chart, Home Cleaning Schedule, Family Chore Chart, Declutter, Editable Pdf",11.0,6.7,2621.0,0 15 37 129 329 734 523 423 230 104 52 45,104 52 45,11,0.685,CLEAN,FADING,ADHD adult (excluded by brief),EXCLUDED_BY_BRIEF,v1:adhd;v1:broad;v1:checklist;v1:cleaning;v1:planner
EVERBEE ESTIMATE — NOT ETSY TRANSACTION DATA,VividVektor,19.0,8269.0,4421665347,"Ms Rachel PNG Clipart: 270+ Designs, Birthday Party Decor (Digital Download)",9.0,6.99,2611.0,0 0 0 124 540 500 538 249 254 162 147 97,162 147 97,9,0.316,CLEAN,ACTIVE,IP / fan merch,DESIGN,v1:broad
EVERBEE ESTIMATE — NOT ETSY TRANSACTION DATA,Brevomet,22.0,10762.0,4304795812,"Editable Pokemon Invitation, Pokemon Birthday Invitation, Printable Birthday Party Invitations, Digital Bday Party Invite Template",17.0,3.3,2605.0,229 303 384 335 258 178 212 213 201 89 89 114,89 89 114,12,0.242,CLEAN,FADING,IP / fan merch,DESIGN,v1:broad
EVERBEE ESTIMATE — NOT ETSY TRANSACTION DATA,PatternHearts,14.0,7341.0,4338888190,Elephant Crochet Pattern: Amigurumi Plush Toy PDF Tutorial,14.0,6.5,2581.0,183 134 210 325 377 363 312 213 194 124 89 57,124 89 57,12,0.352,CLEAN,FADING,Crafter (patterns),DESIGN,v1:broad
EVERBEE ESTIMATE — NOT ETSY TRANSACTION DATA,GrodoDesign,13.0,3977.0,4369357769,Custom Birthday Magazine Template: Vogue Style Keepsake (Canva Digital Download),12.0,9.9,2566.0,0 0 0 74 218 282 325 269 461 269 392 276,269 392 276,9,0.645,CLEAN,ACTIVE,Kids learning / party host,DESIGN,v1:broad
EVERBEE ESTIMATE — NOT ETSY TRANSACTION DATA,StitchandHoookStudio,14.0,9691.0,4368821157,Kids Dungaree Sewing Pattern: Toddler & Child Romper (PDF),13.0,12.0,2550.0,162 136 242 143 280 533 320 220 106 132 147 129,132 147 129,12,0.263,CLEAN,ACTIVE,Crafter (patterns),DESIGN,v1:broad
EVERBEE ESTIMATE — NOT ETSY TRANSACTION DATA,SweetPleatPatterns,9.0,13028.0,4448294139,Simple Pants Pattern For Kids Wide Leg Pants Sewing Pattern For Children 6M - 14Y (PDF Download),8.0,11.95,2546.0,0 0 0 0 0 160 420 478 474 446 373 195,446 373 195,7,0.195,NEAR-CLEAN,ACTIVE,Crafter (patterns),DESIGN,v1:broad
EVERBEE ESTIMATE — NOT ETSY TRANSACTION DATA,BrooklynDawnQuiltCo,10.0,3119.0,4408989981,Patchwork Quilted Bow Sewing Pattern PDF • Confident Beginner • Scrap Fabric Project • Digital Download,10.0,12.0,2524.0,0 0 64 327 309 127 205 210 313 371 245 353,371 245 353,10,0.809,CLEAN,ACTIVE,Crafter (patterns),DESIGN,v1:broad
EVERBEE ESTIMATE — NOT ETSY TRANSACTION DATA,PatternMasterOne,9.0,9811.0,4453904294,"Multi Pockets Tote Bag Sewing Pattern PDF, Canvas shopper bag, Step by Step Instructions with Photos, Video Tutorial, Instant Download",8.0,5.6,2467.0,0 0 0 0 0 90 90 380 562 616 386 343,616 386 343,7,0.251,NEAR-CLEAN,ACTIVE,Crafter (patterns),DESIGN,v1:broad
EVERBEE ESTIMATE — NOT ETSY TRANSACTION DATA,KnotJustToysAU,17.0,9957.0,4487008826,No Sew Triceratops Crochet Pattern PDF Beginner Friendly Dinosaur Amigurumi Palm Plushie Dino,6.0,5.56,2441.0,0 0 0 0 0 0 40 527 697 353 571 253,353 571 253,6,0.245,NEAR-CLEAN,ACTIVE,Crafter (patterns),DESIGN,v1:broad
EVERBEE ESTIMATE — NOT ETSY TRANSACTION DATA,BSCreationsHub,8.0,9371.0,4445048240,"Toy Story PNG SVG – 300+ Designs | Buzz Lightyear Png, Woody and Jessie PNG, Toy Story Font for Cricut, Birthday & Shirts – Digital Download",8.0,3.96,2430.0,0 0 0 0 16 165 346 270 168 495 548 422,495 548 422,8,0.259,CLEAN,ACTIVE,IP / fan merch,DESIGN,v1:broad
EVERBEE ESTIMATE — NOT ETSY TRANSACTION DATA,EverPixelDesign,13.0,4987.0,4383274820,"Family Trip 2026 Svg Bundle, 2026 Family Vacation Svg, Magical Kingdom Svg, Family Trip Sublimation Design, Vacay Mode Svg, Friend Squad Svg",12.0,3.31,2424.0,0 12 68 208 228 366 407 238 304 247 175 171,247 175 171,11,0.486,CLEAN,ACTIVE,Merch / decor / design assets (any buyer),DESIGN,v1:broad
EVERBEE ESTIMATE — NOT ETSY TRANSACTION DATA,TannNguyenGifts,12.0,3622.0,4427925694,"Bunny Crochet Pattern, Mini Rabbit Amigurumi Pattern PDF, Bunny Love Gifts, Rabbit Easter Crochet, Wild Animals Crochet Toys",10.0,3.61,2403.0,0 0 0 221 564 939 441 135 28 0 30 45,0 30 45,8,0.663,CLEAN,FADING,Crafter (patterns),DESIGN,v1:broad
EVERBEE ESTIMATE — NOT ETSY TRANSACTION DATA,ShopSunnySideStudios,19.0,3050.0,4345538116,Editable Envelope Liner Template: DIY Stationery Design (Canva Digital Download),14.0,3.7,2396.0,169 157 133 311 297 345 237 159 149 156 148 135,156 148 135,12,0.786,CLEAN,ACTIVE,Kids learning / party host,DESIGN,v1:broad
EVERBEE ESTIMATE — NOT ETSY TRANSACTION DATA,EssentialPlansStudio,10.0,2472.0,4429840409,2026 Life Planner - Notion Template,10.0,16.15,2360.0,0 0 835 573 397 173 167 15 0 0 134 66,0 134 66,8,0.955,CLEAN,FADING,Productivity planner user,VAGUE,v1:broad;v1:notion;v1:planner
EVERBEE ESTIMATE — NOT ETSY TRANSACTION DATA,MockupMediaUSA,22.0,11659.0,4348436215,"Editable Concert Ticket Canva, DIY Tickets Template, Printable Custom Concert Ticket, Birthday Gift Idea, Surprise Gift, Digital Download",10.0,2.4,2354.0,269 126 405 677 366 144 104 96 94 73 0 0,73 0 0,10,0.202,CLEAN,FADING,Kids learning / party host,DESIGN,v1:broad
EVERBEE ESTIMATE — NOT ETSY TRANSACTION DATA,rubyyarnstudio,12.0,2392.0,4417008303,Slipper Häkelanleitung Sailor Slipper Style  • Sizes EU 36-45  • Beginner friendly • Filzhausschuhe • PDF DEU & En (us terms),10.0,8.39,2351.0,0 0 977 717 432 105 30 0 30 0 12 48,0 12 48,8,0.983,CLEAN,FADING,Unassigned,VAGUE,v1:broad
EVERBEE ESTIMATE — NOT ETSY TRANSACTION DATA,SylviesNadelundFaden,11.0,4724.0,4423868197,Sophie Hood Knitting Instructions DIY Hooded Scarf PDF Easy Garter Stitch Knitting Pattern Shawl Winter Accessory Instant Download,10.0,5.63,2349.0,0 0 1027 947 145 56 13 13 12 9 36 91,9 36 91,10,0.497,CLEAN,FADING,Crafter (patterns),DESIGN,v1:broad
EVERBEE ESTIMATE — NOT ETSY TRANSACTION DATA,AquaBloomDesigns,21.0,8407.0,4328296016,"Birthday invitation Pokemon instant download digital invite Pokémon card themed invitation for birthday party, canva download",16.0,4.49,2320.0,136 318 322 193 204 394 191 186 155 57 84 80,57 84 80,12,0.276,CLEAN,FADING,IP / fan merch,DESIGN,v1:broad
EVERBEE ESTIMATE — NOT ETSY TRANSACTION DATA,MiaDigitalStudioCo,13.0,5282.0,4385257406,Frozen Four The First Time In Forever Birthday Invitation Frozen 4th Birthday Invitation Kids Fourth Party Invite Elsa Anna Theme EDITABLE,12.0,6.95,2319.0,0 48 85 230 242 328 372 380 346 184 56 48,184 56 48,11,0.439,CLEAN,FADING,IP / fan merch,DESIGN,v1:broad
EVERBEE ESTIMATE — NOT ETSY TRANSACTION DATA,fablefibersstudio,17.0,2903.0,4306756260,Crochet Sophie Scarf Pattern,17.0,2.25,2302.0,360 438 412 434 190 71 87 87 58 0 29 136,0 29 136,11,0.793,CLEAN,FADING,Crafter (patterns),DESIGN,v1:broad
EVERBEE ESTIMATE — NOT ETSY TRANSACTION DATA,LoopLabCrafts,8.0,2446.0,4457270879,Crochet Floppy Dragon Plushy PDF | ORIGINAL Pattern,8.0,7.56,2274.0,0 0 0 0 126 336 324 390 405 267 249 177,267 249 177,8,0.93,CLEAN,ACTIVE,Crafter (patterns),DESIGN,v1:broad
EVERBEE ESTIMATE — NOT ETSY TRANSACTION DATA,YayInviteStudio,15.0,5351.0,4340635292,Editable Birthday Invitation| Anime Theme party| Anime Invite| Birthday Party| Kids Birthday Invite| Canva Template,9.0,6.0,2268.0,1418 522 203 86 21 0 9 0 0 0 9 0,0 9 0,7,0.424,NEAR-CLEAN,FADING,Kids learning / party host,DESIGN,v1:broad
EVERBEE ESTIMATE — NOT ETSY TRANSACTION DATA,Warvikstudio,13.0,2281.0,4369824825,Fjord Sweater Crochet Pattern | PDF Digital Pattern,13.0,5.19,2254.0,233 253 272 548 182 302 103 91 67 32 142 29,32 142 29,12,0.988,CLEAN,FADING,Crafter (patterns),DESIGN,v1:broad
EVERBEE ESTIMATE — NOT ETSY TRANSACTION DATA,PkmnPlaceholders,9.0,9695.0,4447742348,Complete Pokédex Printable Binder Placeholders + Checklist (Digital Download),9.0,5.0,2248.0,0 0 0 0 69 258 352 312 276 342 351 288,342 351 288,8,0.232,CLEAN,ACTIVE,IP / fan merch,DESIGN,v1:binder;v1:broad;v1:checklist
EVERBEE ESTIMATE — NOT ETSY TRANSACTION DATA,KnottedInc,20.0,3690.0,1850634856,Hot Air Balloon Lamp Crochet Pattern,20.0,5.99,2224.0,133 102 150 135 100 150 191 448 345 209 170 91,209 170 91,12,0.603,CLEAN,ACTIVE,Crafter (patterns),DESIGN,v1:broad
EVERBEE ESTIMATE — NOT ETSY TRANSACTION DATA,AYarnofSerendipity,20.0,7323.0,1886427613,Jewel Granny Square  - Crochet Pattern,19.0,2.99,2181.0,272 216 193 220 176 115 270 239 203 97 116 64,97 116 64,12,0.298,CLEAN,FADING,Crafter (patterns),DESIGN,v1:broad
EVERBEE ESTIMATE — NOT ETSY TRANSACTION DATA,PalettePagesUA,17.0,3420.0,4399609854,"Pokémon Birthday Card, Red Yellow Cartoon Style, Editable Canva Invitation For Kids Party, Pikachu Theme, Instant Digital File",11.0,4.0,2152.0,0 0 29 335 224 202 191 339 236 297 180 119,297 180 119,10,0.629,CLEAN,ACTIVE,IP / fan merch,DESIGN,v1:broad
EVERBEE ESTIMATE — NOT ETSY TRANSACTION DATA,blisshaze,15.0,4229.0,4344035082,Handwriting Practice Sheets for Cursive Handwriting,15.0,4.73,2151.0,361 404 343 314 52 88 120 130 104 52 131 52,52 131 52,12,0.509,CLEAN,FADING,Unassigned,VAGUE,v1:broad
EVERBEE ESTIMATE — NOT ETSY TRANSACTION DATA,YarnArtisanat,16.0,6460.0,4358366688,"Ruffled Crochet Christmas Tree Pattern, Layered Holiday Decor (Digital PDF)",13.0,3.99,2150.0,258 542 387 304 254 123 65 33 44 37 34 69,37 34 69,12,0.333,CLEAN,FADING,Crafter (patterns),DESIGN,v1:broad
EVERBEE ESTIMATE — NOT ETSY TRANSACTION DATA,makesbymakaii,14.0,2385.0,4356661082,solace poncho - crochet pattern !,14.0,8.0,2146.0,301 386 290 194 76 202 184 180 77 85 96 75,85 96 75,12,0.9,CLEAN,FADING,Crafter (patterns),DESIGN,v1:broad
EVERBEE ESTIMATE — NOT ETSY TRANSACTION DATA,ByPauYama,20.0,8103.0,4300624846,Luna Low Waist Pants Sewing Pattern | Pleats | Side Zipper (Digital PDF),17.0,13.07,2126.0,138 46 61 146 65 199 286 209 326 305 244 101,305 244 101,12,0.262,CLEAN,ACTIVE,Crafter (patterns),DESIGN,v1:broad
EVERBEE ESTIMATE — NOT ETSY TRANSACTION DATA,Dreamstitchpatterns,15.0,3208.0,4337438290,Buttercup Highland Cow Crochet Amigurumi Pattern | Plush Toy (PDF Tutorial),14.0,4.0,2108.0,214 194 496 450 326 88 104 96 40 30 40 30,30 40 30,12,0.657,CLEAN,FADING,Crafter (patterns),DESIGN,v1:broad
EVERBEE ESTIMATE — NOT ETSY TRANSACTION DATA,Bilbroidery,17.0,5908.0,4312881061,Small Heart Embroidery Design -20 Sizes - Mini Heart Fill Stitch Embroidery Design-Valentine Day Embroidery Design-Machine Embroidery Design,17.0,2.2,2102.0,231 166 265 382 224 164 116 179 166 121 48 40,121 48 40,12,0.356,CLEAN,FADING,Merch / decor / design assets (any buyer),DESIGN,v1:broad
EVERBEE ESTIMATE — NOT ETSY TRANSACTION DATA,EmbroidPro,11.0,9712.0,4414358507,"Modern Cursive Machine Embroidery Font, Monogram Script Alphabet, Satin Stitch, PES DST, Small Signature Font, 6 Sizes, Instant Download",11.0,6.0,2095.0,0 0 133 419 450 373 275 145 125 94 53 28,94 53 28,10,0.216,CLEAN,FADING,Merch / decor / design assets (any buyer),DESIGN,v1:broad
EVERBEE ESTIMATE — NOT ETSY TRANSACTION DATA,LumiYarnStudio,9.0,4868.0,4538384217,Used Car Buyer Report | Fast Delivery | See Our Reviews,1.0,4.98,2045.0,0 0 0 0 0 0 0 0 0 0 880 1165,0 880 1165,2,0.42,NEAR-CLEAN,ACTIVE,Unassigned,VAGUE,v1:broad
EVERBEE ESTIMATE — NOT ETSY TRANSACTION DATA,BlairMagazines,19.0,10148.0,4462199498,Birthday Magazine Template | Personalized Custom Birthday Gift For Best Friend | Editable Canva Magazine | Bestie or Sister Keepsake Gift,8.0,14.53,2037.0,0 0 0 0 0 38 267 418 310 489 261 254,489 261 254,7,0.201,NEAR-CLEAN,ACTIVE,Kids learning / party host,DESIGN,v1:broad
EVERBEE ESTIMATE — NOT ETSY TRANSACTION DATA,InvitoraDesigns,13.0,4765.0,4414966640,"Frozen Birthday Invitation Editable Frozen Birthday Party Elsa & Anna Party Invitation Girl Frozen Birthday Invite Theme, Digital Download",11.0,3.5,2024.0,0 0 79 288 275 305 260 343 94 161 50 169,161 50 169,10,0.425,CLEAN,ACTIVE,IP / fan merch,DESIGN,v1:broad
EVERBEE ESTIMATE — NOT ETSY TRANSACTION DATA,lloveloopsgb,14.0,8304.0,4393751051,Crochet Floppy Bunny PDF Pattern | Amigurumi Cute Fluffy Fur Bunny Plush,12.0,6.87,2020.0,54 107 163 239 218 204 201 191 116 87 158 282,87 158 282,12,0.243,CLEAN,ACTIVE,Crafter (patterns),DESIGN,v1:broad
EVERBEE ESTIMATE — NOT ETSY TRANSACTION DATA,RoxyRollarCreations,16.0,3187.0,4423241390,F'U Mittens crochet pattern (Beginner Friendly) with Video Tutorial,10.0,4.21,2002.0,0 0 233 767 358 196 119 17 17 0 46 249,0 46 249,9,0.628,CLEAN,FADING,Crafter (patterns),DESIGN,v1:broad
EVERBEE ESTIMATE — NOT ETSY TRANSACTION DATA,HookedOnDaniCrochet,14.0,2279.0,4372429580,Kristee Cardigan Crochet Pattern: Easy Hexagon Sweater (PDF Download),13.0,7.0,1999.0,461 556 463 138 60 57 104 0 100 0 20 40,0 20 40,10,0.877,CLEAN,FADING,Crafter (patterns),DESIGN,v1:broad
EVERBEE ESTIMATE — NOT ETSY TRANSACTION DATA,RogueGrainCo,13.0,9767.0,4461319181,DIY: 3-in-1 Kitchen Tool Template + Instructions (PDF Only) | Printable Woodworking Plan,7.0,3.99,1974.0,0 0 0 0 0 274 672 350 288 282 52 56,282 52 56,7,0.202,NEAR-CLEAN,ACTIVE,Crafter (patterns),DESIGN,v1:broad
EVERBEE ESTIMATE — NOT ETSY TRANSACTION DATA,WeavinWeaverUS,13.0,6346.0,4519711531,Crochet Floor Turtle Pattern V2,4.0,6.99,1964.0,0 0 0 0 0 0 0 0 161 362 1185 256,362 1185 256,4,0.309,NEAR-CLEAN,ACTIVE,Crafter (patterns),DESIGN,v1:broad
EVERBEE ESTIMATE — NOT ETSY TRANSACTION DATA,AngelaCrocket,8.0,3260.0,4474911253,"Pansy Flower/ House Plant Crochet pattern, Mother's Day Gift, Gift For Mom, Co-work, Garden Lover",6.0,3.9,1960.0,0 0 0 0 0 0 55 719 705 265 156 60,265 156 60,6,0.601,NEAR-CLEAN,ACTIVE,Crafter (patterns),DESIGN,v1:broad
EVERBEE ESTIMATE — NOT ETSY TRANSACTION DATA,CherryLaneDigital,22.0,5849.0,1847717417,"525+ Files, 130+ Unique Designs, Street Monsters Characters Layered SVG, Elmo SVG Faces Bundle, Elmo Clipart Bundle | Digital Download",22.0,5.53,1959.0,100 134 186 182 219 221 138 80 159 221 135 184,221 135 184,12,0.335,CLEAN,ACTIVE,IP / fan merch,DESIGN,v1:broad
EVERBEE ESTIMATE — NOT ETSY TRANSACTION DATA,MaggieandMairu,15.0,6840.0,4443084617,"Fabric Alphabet Letters and Numbers All Sizes Pattern Bundle,3 to 10 inch,Name Banner Garland ,Alphabet Sewing Pattern,Puffy letters pattern",9.0,5.99,1954.0,0 0 0 115 387 378 320 301 126 102 114 111,102 114 111,9,0.286,CLEAN,ACTIVE,Crafter (patterns),DESIGN,v1:broad
EVERBEE ESTIMATE — NOT ETSY TRANSACTION DATA,CassPechArt,23.0,4187.0,1853491574,Comic Style Inking Brush (Procreate),20.0,1.39,1951.0,50 247 313 273 107 179 139 128 133 124 166 92,124 166 92,12,0.466,CLEAN,ACTIVE,Unassigned,VAGUE,v1:broad
EVERBEE ESTIMATE — NOT ETSY TRANSACTION DATA,patternsbycmknits,10.0,3560.0,4396877136,The Loon Sweater Pattern,10.0,9.88,1947.0,0 0 258 233 375 330 213 259 124 91 5 59,91 5 59,10,0.547,CLEAN,FADING,Crafter (patterns),DESIGN,v1:broad
EVERBEE ESTIMATE — NOT ETSY TRANSACTION DATA,amazingeart,15.0,4189.0,4369216498,"Rose Flower Bouquet Blanket Crochet Pattern, Shawl Tablecloth Art, Handmade Gift, Beginner Friendly Step-by-Step Video",13.0,4.84,1944.0,246 138 214 181 264 253 201 161 142 55 59 30,55 59 30,12,0.464,CLEAN,FADING,Crafter (patterns),DESIGN,v1:broad
EVERBEE ESTIMATE — NOT ETSY TRANSACTION DATA,PlushCrochetPattern,11.0,4264.0,4454294343,"Crochet Pattern Bunny PDF, Amigurumi Bunny Pattern Toys, Rabbit crochet pattern for Beginners, Easter Bunny Crochet, Crochet Rabbit Pattern",8.0,6.02,1942.0,0 0 0 0 106 377 272 193 250 335 184 225,335 184 225,8,0.455,CLEAN,ACTIVE,Crafter (patterns),DESIGN,v1:broad
EVERBEE ESTIMATE — NOT ETSY TRANSACTION DATA,MagicKnotBag,22.0,9392.0,4380025210,"Nokka Bag chunky crochet pattern with video tutorial, cord yarn shoulder bag, beginner and advanced DIY purse PDF instructions",12.0,4.37,1942.0,51 77 323 535 192 234 123 127 80 82 80 38,82 80 38,12,0.207,CLEAN,FADING,Crafter (patterns),DESIGN,v1:broad
EVERBEE ESTIMATE — NOT ETSY TRANSACTION DATA,PretteeCo,19.0,2028.0,4385413191,"Custom Order Design PNG SVG EPS, Personalized Digital Download, Custom Logo, Create Your Own Design, Custom Artwork Png",12.0,7.17,1939.0,9 53 25 203 218 209 340 234 177 119 155 197,119 155 197,12,0.956,CLEAN,ACTIVE,Merch / decor / design assets (any buyer),DESIGN,v1:broad
EVERBEE ESTIMATE — NOT ETSY TRANSACTION DATA,WendyCoxNT,7.0,1931.0,4469454284,The Stations Helping Stations Cookbook,7.0,8.2,1929.0,0 0 0 0 0 1419 218 129 137 0 26 0,0 26 0,5,0.999,NEAR-CLEAN,FADING,Unassigned,VAGUE,v1:broad
EVERBEE ESTIMATE — NOT ETSY TRANSACTION DATA,EmbroideryStudioX,22.0,12773.0,1882518256,Floral Book Embroidery Pattern PDF | World Happiness Day Hand Embroidery Design | DIY Whimsical Stitch Template with Butterflies,18.0,6.5,1928.0,227 312 211 222 207 192 129 180 64 87 75 22,87 75 22,12,0.151,CLEAN,FADING,Merch / decor / design assets (any buyer),DESIGN,v1:broad
EVERBEE ESTIMATE — NOT ETSY TRANSACTION DATA,SheetDesignLab,13.0,3984.0,4365164476,50/30/20 Budget Planner Google Sheets Monthly Weekly Paycheck Tracker Personal Finance Template 70/20/10 Custom Ratio Percentages,13.0,3.32,1920.0,12 72 335 686 266 192 96 21 96 72 24 48,72 24 48,12,0.482,CLEAN,FADING,Household budgeter (#1-#7 live),LIVE_LL,v1:broad;v1:budget;v1:planner;v1:tracker
EVERBEE ESTIMATE — NOT ETSY TRANSACTION DATA,TwilleryCrochet,24.0,3846.0,4438325573,PDF crochet pattern - Juliette Top | Made to measure | Intermediate friendly |,8.0,8.52,1917.0,0 0 0 0 240 106 342 294 175 256 308 196,256 308 196,8,0.498,CLEAN,ACTIVE,Crafter (patterns),DESIGN,v1:broad
EVERBEE ESTIMATE — NOT ETSY TRANSACTION DATA,EmbroideryFontsArt,20.0,9217.0,1881804058,"Fishtail Embroidery Font, BX Font, Brother Pes Font, Dst Hus Jef VP3 Exp Xxx, Digitized Embroidery Font, Monogram Embroidery Font, Digital",19.0,3.48,1917.0,102 30 51 171 203 261 259 262 215 139 92 132,139 92 132,12,0.208,CLEAN,ACTIVE,Merch / decor / design assets (any buyer),DESIGN,v1:broad
EVERBEE ESTIMATE — NOT ETSY TRANSACTION DATA,ZameDigitalArts,19.0,6330.0,4331579335,"Sonic 3 Birthday Invitation, Super Hedgehog Boys Party Invite, Super Sonic Party Invitation, Editable Sonic Invite Template, Canva Template",8.0,11.88,1897.0,540 432 421 211 145 58 38 26 13 13 0 0,13 0 0,10,0.3,CLEAN,FADING,IP / fan merch,DESIGN,v1:broad
EVERBEE ESTIMATE — NOT ETSY TRANSACTION DATA,SavvySheetsStudio8,18.0,8271.0,4336988306,"ADHD Cleaning Planner Bundle, ADHD Home Organization, Master Cleaning Checklist, Family Chore Chart, House Cleaning Schedule, Deep Cleaning",15.0,1.65,1894.0,640 454 191 237 40 101 91 56 14 28 42 0,28 42 0,11,0.229,CLEAN,FADING,ADHD adult (excluded by brief),EXCLUDED_BY_BRIEF,v1:adhd;v1:broad;v1:checklist;v1:cleaning;v1:planner
EVERBEE ESTIMATE — NOT ETSY TRANSACTION DATA,LovelyStudioDigitals,9.0,3593.0,4458868726,"Lightning Mcqueen 3rd Birthday Invitation, Cars Theme, Kids Birthday Party, Editable Personalized Canva Digital Download",7.0,3.2,1893.0,0 0 0 0 0 8 197 402 454 306 347 179,306 347 179,7,0.527,NEAR-CLEAN,ACTIVE,IP / fan merch,DESIGN,v1:broad
EVERBEE ESTIMATE — NOT ETSY TRANSACTION DATA,EmbroGlamShop,18.0,2839.0,4370446213,"Embossed Square Royal Monogram Embroidery Font A–Z 0–9 Symbols for Towels, 2 Sizes 2.8"" & 3.8"", 4x4 Hoop, Knockdown Machine Embroidery File",13.0,7.71,1890.0,168 63 87 285 135 234 237 168 153 222 48 90,222 48 90,12,0.666,CLEAN,ACTIVE,Merch / decor / design assets (any buyer),DESIGN,v1:broad
EVERBEE ESTIMATE — NOT ETSY TRANSACTION DATA,VelmiraArt,10.0,3273.0,4474583694,"Crochet Hobo Bag Pattern PDF, Slouchy Tote, Easy Slouchy Purse, English Only, US Terms,  3 Sizes (Small, Medium, Large)",7.0,1.99,1875.0,0 0 0 0 0 26 122 423 569 425 208 102,425 208 102,7,0.573,NEAR-CLEAN,ACTIVE,Crafter (patterns),DESIGN,v1:broad
EVERBEE ESTIMATE — NOT ETSY TRANSACTION DATA,elandesignsStudioCo,12.0,6405.0,4397603396,Button Pin Template Bundle Editable Canva Frame Sublimation 2 3.5 1.75 1.25 24 2.25 inch Custom Badge Circle Label Blank Pinback Button SVG,11.0,2.99,1869.0,0 120 143 256 268 231 279 259 96 87 83 47,87 83 47,11,0.292,CLEAN,FADING,Merch / decor / design assets (any buyer),DESIGN,v1:broad
EVERBEE ESTIMATE — NOT ETSY TRANSACTION DATA,fikadoodle,12.0,8632.0,4477569985,"ADHD Cleaning Planner Printable | Cleaning Schedule Checklist PDF | Declutter & Cleaning Routine | Editable Canva, adhd cleaning chore chart",7.0,6.14,1867.0,0 0 0 0 0 13 1274 69 109 108 166 128,108 166 128,7,0.216,NEAR-CLEAN,ACTIVE,ADHD adult (excluded by brief),EXCLUDED_BY_BRIEF,v1:adhd;v1:checklist;v1:cleaning;v1:planner
EVERBEE ESTIMATE — NOT ETSY TRANSACTION DATA,DiasseDigiShop,21.0,11651.0,4349046572,"60,000+ Digital Sticker Mega Bundle for Goodnotes, iPad & Digital Planners",12.0,7.5,1865.0,49 179 270 370 404 189 98 84 94 81 47 0,81 47 0,11,0.16,CLEAN,FADING,Merch / decor / design assets (any buyer),DESIGN,v1:planner
EVERBEE ESTIMATE — NOT ETSY TRANSACTION DATA,TheBudgetCode,12.0,4944.0,4398680784,Debt Payoff Tracker Debt Snowball Spreadsheet Google Sheets Credit Card Loan Repayment Avalanche tracker Financial Planner Monthly Budget,11.0,3.97,1793.0,0 135 54 378 236 179 144 203 116 174 58 116,174 58 116,11,0.363,CLEAN,ACTIVE,Household budgeter (#1-#7 live),LIVE_LL,v1:budget;v1:planner;v1:spreadsheet;v1:tracker
EVERBEE ESTIMATE — NOT ETSY TRANSACTION DATA,StickerHStore,15.0,7737.0,4341978194,Monopoly Transylvania Racers - Trusted Seller ( 30k points per race),15.0,25.0,1748.0,35 59 0 77 3 20 0 0 0 25 1074 455,25 1074 455,8,0.226,CLEAN,ACTIVE,IP / fan merch,DESIGN,seller
EVERBEE ESTIMATE — NOT ETSY TRANSACTION DATA,FreshCutPNGs,12.0,9498.0,4510193934,"Back to School PNG, Cute School Supplies PNG, Teacher Shirt Design, Crayon Apple Pencil Notebook Graphic, Sublimation PNG, School Clipart",5.0,4.0,1666.0,0 0 0 0 0 0 0 0 510 604 262 290,604 262 290,4,0.175,NEAR-CLEAN,ACTIVE,Merch / decor / design assets (any buyer),DESIGN,v1:teacher
EVERBEE ESTIMATE — NOT ETSY TRANSACTION DATA,xxLilCrochetShop,24.0,7601.0,4432986871,"Meadow Breeze Crochet Blanket Pattern Easy Baby Throw Pattern & Photo Tutorial 2-Day Project Granny Stitch Modern Afghan, Step by Step Guide",10.0,9.99,1661.0,0 0 2 160 107 263 201 203 279 169 100 177,169 100 177,10,0.219,CLEAN,ACTIVE,Crafter (patterns),DESIGN,v1:baby
EVERBEE ESTIMATE — NOT ETSY TRANSACTION DATA,PlanMindco,15.0,3547.0,4345259108,"ADHD Digital Planner, Adult ADHD Planner, 2026 Digital Planner, Neurodivergent Planner, Daily ADHD Planner, Goodnotes Planner, Adhd Planner",14.0,8.3,1640.0,188 410 254 222 44 104 138 82 56 64 48 30,64 48 30,12,0.462,CLEAN,FADING,ADHD adult (excluded by brief),EXCLUDED_BY_BRIEF,v1:adhd;v1:planner
EVERBEE ESTIMATE — NOT ETSY TRANSACTION DATA,ResumeInn,14.0,3616.0,4350895656,"ATS Friendly Resume Template Word, Pages, Google Docs, Ats Resume, ATS CV, Minimalist Resume, Simple Resume, Basic Resume, Clean Resume Ats",14.0,11.9,1620.0,28 113 88 80 112 124 245 193 229 204 100 104,204 100 104,12,0.448,CLEAN,ACTIVE,Kids learning / party host,DESIGN,v1:cleaning
EVERBEE ESTIMATE — NOT ETSY TRANSACTION DATA,FreshFolioPrintables,20.0,10882.0,4426628481,"2026 MEGA Journal bundle, Printable Journal Pages, Mood Tracker, Habit Tracker, Reading Log, A4 & A5, Digital Planner Pages, Bullet Journal",10.0,12.49,1617.0,0 0 400 663 211 105 34 50 56 46 24 28,46 24 28,10,0.149,CLEAN,FADING,Productivity planner user,VAGUE,v1:log;v1:planner;v1:tracker
EVERBEE ESTIMATE — NOT ETSY TRANSACTION DATA,GildedQuillShop,23.0,3171.0,1873561396,Printable Monthly Budget Planner Worksheet for Bullet Journal Monthly Budget Tracker Journal Page Printable Spending Tracker Monthly Budget,19.0,2.29,1590.0,88 70 46 351 255 184 142 110 56 109 62 117,109 62 117,12,0.501,CLEAN,ACTIVE,Household budgeter (#1-#7 live),LIVE_LL,v1:budget;v1:planner;v1:tracker
EVERBEE ESTIMATE — NOT ETSY TRANSACTION DATA,MagesticMoments,17.0,2558.0,4479138627,"Waffle Stitch Crochet Baby Blanket Pattern, Easy Blanket Crochet Pattern, Beginner Friendly Crochet",7.0,7.92,1578.0,0 0 0 0 0 0 77 225 295 343 284 354,343 284 354,6,0.617,NEAR-CLEAN,ACTIVE,Crafter (patterns),DESIGN,v1:baby
EVERBEE ESTIMATE — NOT ETSY TRANSACTION DATA,WinkySheets,15.0,3253.0,4352753504,Ultimate Annual Budget Spreadsheet Monthly Personal Budget Paycheck Financial Planner Bill Calendar Net Worth Tracker Google Sheets Template,14.0,12.48,1575.0,225 153 224 387 116 138 100 83 70 19 16 44,19 16 44,12,0.484,CLEAN,FADING,Household budgeter (#1-#7 live),LIVE_LL,v1:budget;v1:planner;v1:spreadsheet;v1:tracker
EVERBEE ESTIMATE — NOT ETSY TRANSACTION DATA,PrintableLifePrint,9.0,1661.0,4449901685,"Crochet Throw Blanket Pattern – Alpine Weekend, Beginner Friendly (PDF, 8 Sizes Baby to King",9.0,6.18,1546.0,0 0 0 0 45 198 200 259 281 116 254 193,116 254 193,8,0.931,CLEAN,ACTIVE,Crafter (patterns),DESIGN,v1:baby
EVERBEE ESTIMATE — NOT ETSY TRANSACTION DATA,PatternCrochetForYou,16.0,4672.0,4391484262,Crochet Horse Pattern: Amigurumi Soft Toy Horse,12.0,6.0,1474.0,14 126 253 160 112 156 134 154 64 105 78 118,105 78 118,12,0.315,CLEAN,ACTIVE,Crafter (patterns),DESIGN,horse
EVERBEE ESTIMATE — NOT ETSY TRANSACTION DATA,DesignFestivals,16.0,9432.0,4312360157,Debt Payoff Tracker Debt Snowball Avalanche Calculator Google Sheet Loan Credit Card Tracker Payoff Debt Free Financial Planner Debt Payment,16.0,6.58,1426.0,0 26 20 29 144 132 155 258 216 168 232 46,168 232 46,11,0.151,CLEAN,ACTIVE,Household budgeter (#1-#7 live),LIVE_LL,v1:calculator;v1:planner;v1:tracker
EVERBEE ESTIMATE — NOT ETSY TRANSACTION DATA,LittleWildernessUS,17.0,1855.0,4367100347,I Love Ewe Baby Blanket crochet pattern *digital file only*,12.0,7.0,1391.0,0 59 94 161 147 144 241 83 59 84 120 199,84 120 199,11,0.75,CLEAN,ACTIVE,Crafter (patterns),DESIGN,v1:baby
EVERBEE ESTIMATE — NOT ETSY TRANSACTION DATA,CanvaCreationStudiCo,19.0,8905.0,1879627610,"50 Mug Mockup Canva Editable Bundle, White Mug 11 oz Mockups, Coffee Mug Mockups, Customizable Mug for Small Business, Canva Drag and Drop",18.0,3.31,1369.0,298 263 206 203 142 121 62 26 0 32 0 16,32 0 16,10,0.154,CLEAN,FADING,Merch / decor / design assets (any buyer),DESIGN,v1:business
EVERBEE ESTIMATE — NOT ETSY TRANSACTION DATA,Pomae,15.0,4651.0,4385071047,Scallop Baby Bib Sewing Pattern Beginner-Friendly A4 and Letter,12.0,2.75,1364.0,65 38 73 191 73 145 163 207 101 119 110 79,119 110 79,12,0.293,CLEAN,ACTIVE,Crafter (patterns),DESIGN,v1:baby
EVERBEE ESTIMATE — NOT ETSY TRANSACTION DATA,FlorabyteDesigns,16.0,3632.0,4332173253,Printable and Editable Monthly Budget Planner | Bullet Journal Budget Worksheet | Monthly Spending Tracker PDF | Digital Download,15.0,6.82,1358.0,243 166 127 182 164 37 119 93 57 53 75 42,53 75 42,12,0.374,CLEAN,FADING,Household budgeter (#1-#7 live),LIVE_LL,v1:budget;v1:planner;v1:tracker
EVERBEE ESTIMATE — NOT ETSY TRANSACTION DATA,CreativePrintNYC,15.0,2514.0,4361126340,"Mega 5000 Decorative Elements SVG Bundle,Ornaments Borders Dividers Flourishes Swirls, Text Divider Arrow Wedding Cricut Silhouette  Png Dxf",14.0,5.99,1335.0,36 188 162 101 135 124 107 144 139 54 117 28,54 117 28,12,0.531,CLEAN,FADING,Merch / decor / design assets (any buyer),DESIGN,v1:wedding
EVERBEE ESTIMATE — NOT ETSY TRANSACTION DATA,blahaus,10.0,4599.0,4494346695,Olive Green Save the Date Website Template | Digital Wedding Invitation with RSVP | Instant Download,6.0,19.0,1330.0,0 0 0 0 0 0 1 218 311 252 299 249,252 299 249,6,0.289,NEAR-CLEAN,ACTIVE,Wedding guest-facing decor,DESIGN,v1:wedding
EVERBEE ESTIMATE — NOT ETSY TRANSACTION DATA,JellyFunt,14.0,2214.0,4353750155,"Letter of the Week Printable Worksheets, Alphabet Tracing, Alphabet Coloring, Preschool Curriculum, Toddler Workbook, Learning Binder",14.0,14.03,1242.0,69 156 181 181 57 70 182 24 92 92 65 73,92 65 73,12,0.561,CLEAN,ACTIVE,Kids learning / party host,DESIGN,v1:binder
EVERBEE ESTIMATE — NOT ETSY TRANSACTION DATA,ProMockTees,14.0,5072.0,4418370914,Comfort Colors 1717 T-Shirt Mockup Bundle | 47 Colors Lifestyle Mockups for POD Sellers | Pigment Dyed Tee | Instant Digital Download,10.0,9.97,1227.0,0 0 8 266 292 230 151 127 73 22 26 32,22 26 32,10,0.242,CLEAN,FADING,Merch / decor / design assets (any buyer),DESIGN,seller
EVERBEE ESTIMATE — NOT ETSY TRANSACTION DATA,JozMakesQuilts,23.0,5984.0,1829585873,"Chunky Charlie Quilt Pattern (Fast and Beginner Friendly) 3 sizes- Baby, Throw and Bed",23.0,7.48,1224.0,92 82 91 145 168 94 93 87 111 78 87 96,78 87 96,12,0.205,CLEAN,ACTIVE,Crafter (patterns),DESIGN,v1:baby
EVERBEE ESTIMATE — NOT ETSY TRANSACTION DATA,RosieCreativeStudio,17.0,10825.0,4400859541,Olive Green & Burgundy Floral Wedding Website with RSVP Function: Editable Canva Template (Digital Download),11.0,33.02,1222.0,0 1 103 236 151 128 96 92 93 101 95 126,101 95 126,11,0.113,CLEAN,ACTIVE,Wedding guest-facing decor,DESIGN,v1:wedding
EVERBEE ESTIMATE — NOT ETSY TRANSACTION DATA,CharmedXObyVEE,20.0,2328.0,4335463964,"Wedding Marquee Sign, Editable Entrance Template (Canva)",15.0,6.2,1210.0,261 255 174 93 43 92 63 80 26 51 31 41,51 31 41,12,0.52,CLEAN,FADING,Wedding guest-facing decor,DESIGN,v1:wedding
EVERBEE ESTIMATE — NOT ETSY TRANSACTION DATA,PlannerBeeStore,22.0,3570.0,4359768061,"Chair Yoga for Weight Loss Seniors Printable, 30 Day Exercise Program, Wellness Bundle with Workout Guide, Meal Planner & Tracker PDF",14.0,4.35,1191.0,67 147 43 167 102 88 76 118 164 174 10 35,174 10 35,12,0.334,CLEAN,ACTIVE,Productivity planner user,VAGUE,v1:meal;v1:planner;v1:tracker
EVERBEE ESTIMATE — NOT ETSY TRANSACTION DATA,NikaylaRaeCo,21.0,13773.0,4324774695,Minimalistic Baby Shower Game Bundle Downloadable Neutral Game Instant Guessing Game Baby Sprinkle Party Game Sign Modern Boy Girl Shower,16.0,12.5,1174.0,1 23 14 40 64 132 170 131 89 122 224 164,122 224 164,12,0.085,CLEAN,ACTIVE,Expecting / new parent,VAGUE,v1:baby
EVERBEE ESTIMATE — NOT ETSY TRANSACTION DATA,PokeQtsy,11.0,1170.0,4400751141,50% OFF SALE! Full National Pokédex 1025 | Printable Pokémon Binder Placeholders with pictures (Direct PDF Download) Cheap + Free bonus list,11.0,5.05,1170.0,0 52 96 59 83 292 248 171 55 62 52 0,62 52 0,10,1.0,CLEAN,FADING,IP / fan merch,DESIGN,v1:binder
EVERBEE ESTIMATE — NOT ETSY TRANSACTION DATA,SofieStudioPatterns,8.0,1725.0,4470129295,PDF Diaper Clutch Beginner Sewing Pattern Instant Download Baby Changing Clutch Wet Wipes Case,6.0,6.67,1137.0,0 0 0 0 0 0 88 162 192 204 256 235,204 256 235,6,0.659,NEAR-CLEAN,ACTIVE,Crafter (patterns),DESIGN,v1:baby
EVERBEE ESTIMATE — NOT ETSY TRANSACTION DATA,AravellaCreative,14.0,1966.0,4379095171,"Wedding Planner Spreadsheet, Wedding Budget, Guest List & Seating Chart, Task and Vendor Organizer, Excel and Google Sheets Template",12.0,26.41,1127.0,373 226 150 160 55 36 91 18 0 0 18 0,0 18 0,9,0.573,CLEAN,FADING,Household budgeter (#1-#7 live),LIVE_LL,vendor;v1:budget;v1:planner;v1:spreadsheet;v1:wedding
EVERBEE ESTIMATE — NOT ETSY TRANSACTION DATA,HDTemplatesBoutique,18.0,10853.0,4311149239,"Elegant Wedding Invitation Template Set, Minimalist Wedding Bundle Canva, Wedding Invite Suite With QR Code RSVP, Printable Wedding Invite",17.0,4.26,1120.0,146 155 123 206 120 108 58 38 82 38 34 12,38 34 12,12,0.103,CLEAN,FADING,Wedding guest-facing decor,DESIGN,v1:wedding
EVERBEE ESTIMATE — NOT ETSY TRANSACTION DATA,ForeverMomentStudio,15.0,1561.0,4389595935,"Wedding Planner Google Sheets, Budget Tracker Guest List Seating Chart Vendor Checklist Itinerary, Digital Wedding Planning Spreadsheet",12.0,9.99,1104.0,0 48 53 283 198 78 63 141 3 96 93 48,96 93 48,11,0.707,CLEAN,ACTIVE,Household budgeter (#1-#7 live),LIVE_LL,vendor;v1:budget;v1:checklist;v1:planner;v1:spreadsheet;v1:tracker;v1:wedding
EVERBEE ESTIMATE — NOT ETSY TRANSACTION DATA,DrChocoDesigns,13.0,6772.0,4359383594,"Crochet Baby Dragon Pattern: Amigurumi Luna, Black & White (PDF Pattern)",13.0,6.12,1100.0,198 149 188 239 71 51 17 51 34 17 57 28,17 57 28,12,0.162,CLEAN,FADING,Crafter (patterns),DESIGN,v1:baby
EVERBEE ESTIMATE — NOT ETSY TRANSACTION DATA,TAdrop,9.0,1739.0,4441117017,Crochet Cow Lovey Pattern | Plush Amigurumi Baby Toy (PDF),9.0,3.0,1092.0,0 0 0 14 98 180 186 220 114 58 184 38,58 184 38,9,0.628,CLEAN,ACTIVE,Crafter (patterns),DESIGN,v1:baby
EVERBEE ESTIMATE — NOT ETSY TRANSACTION DATA,AshleighCraftsShop,20.0,2361.0,4356039336,"Diaper and Wipes Pouch Sewing Pattern, DIY Baby Shower Gift, A0 Sewing Template, Mini Diaper Pouch, PDF Digital Sewing Pattern",13.0,8.0,1083.0,131 78 45 168 133 98 126 80 63 28 70 63,28 70 63,12,0.459,CLEAN,FADING,Crafter (patterns),DESIGN,v1:baby
EVERBEE ESTIMATE — NOT ETSY TRANSACTION DATA,CardelierStudio,16.0,8257.0,4348981410,Pokémon National Dex Binder Pages (1–1025 + Mega / Regional / GMax) | Multilingual Placeholder Pdf | Master Set Tracker | EN/FR/DE Printable,14.0,5.06,1079.0,54 72 78 206 136 203 80 50 74 28 56 42,28 56 42,12,0.131,CLEAN,FADING,IP / fan merch,DESIGN,v1:binder;v1:tracker
EVERBEE ESTIMATE — NOT ETSY TRANSACTION DATA,LittleLionThings,14.0,4428.0,4558514036,"Personalized bootleg Shirt, 90s Bootleg shirt, Retro bootleg, Custom Pet Vintage Washed Shirt, Personalized Photo, Gift for Dog mom, Cat Mom",2.0,0.2,1068.0,0 0 0 0 0 0 0 0 0 0 517 551,0 517 551,2,0.241,NEAR-CLEAN,ACTIVE,Merch / decor / design assets (any buyer),DESIGN,v1:pet
EVERBEE ESTIMATE — NOT ETSY TRANSACTION DATA,DigitalSpacePro,23.0,6410.0,1806951986,"10 Wedding Elite Lightroom Mobile & Desktop Presets | Portrait Filters with Dark, Moody, Warm Tones",23.0,3.2,1068.0,258 90 90 90 0 90 141 70 59 45 45 90,45 45 90,11,0.167,CLEAN,ACTIVE,Merch / decor / design assets (any buyer),DESIGN,v1:wedding
EVERBEE ESTIMATE — NOT ETSY TRANSACTION DATA,TheModernFray,16.0,3230.0,4303528858,"Unique Rag Quilt Pattern-Beautiful Day, Baby or Lap/ Wheelchair Quilt, Jelly Roll Friendly (PDF Download)",16.0,12.0,1064.0,145 191 122 80 139 72 54 127 41 31 42 20,31 42 20,12,0.329,CLEAN,FADING,Crafter (patterns),DESIGN,v1:baby
EVERBEE ESTIMATE — NOT ETSY TRANSACTION DATA,ArtStoreSvgPng,20.0,5358.0,1856613474,"Family Name Monogram SVG Bundle | Floral Frame, Wedding (Digital Download)",20.0,2.5,1064.0,13 127 268 134 141 111 102 16 24 24 50 54,24 50 54,12,0.199,CLEAN,FADING,Merch / decor / design assets (any buyer),DESIGN,v1:wedding
EVERBEE ESTIMATE — NOT ETSY TRANSACTION DATA,BrightByteMarket,16.0,6892.0,4364721426,"Easy Baby Blanket Crochet Pattern PDF, Shell Stitch Beginner Friendly Tutorial, Quick Digital Download",13.0,4.14,1056.0,0 16 68 206 162 256 176 76 32 16 32 16,16 32 16,11,0.153,CLEAN,FADING,Crafter (patterns),DESIGN,v1:baby
EVERBEE ESTIMATE — NOT ETSY TRANSACTION DATA,DigitalGoodx,21.0,9557.0,4380446040,Neutral Baby Announcement Digital Pregnancy Reveal Editable Canva Template Gender Neutral Social Media Baby Reveal Modern Announcement,12.0,6.39,1047.0,30 183 252 220 58 124 80 64 22 14 0 0,14 0 0,10,0.11,CLEAN,FADING,Expecting / new parent,VAGUE,v1:baby
EVERBEE ESTIMATE — NOT ETSY TRANSACTION DATA,CraftNestSvgs,6.0,1495.0,4472228244,"Classic Winnie The Pooh PNG SVG Clipart Bundle, Printable, Boy Birthday Instant Digital Download, Vintage Pooh Baby Shower",6.0,5.0,1035.0,0 0 0 0 0 0 137 110 145 178 212 253,178 212 253,6,0.692,NEAR-CLEAN,ACTIVE,IP / fan merch,DESIGN,v1:baby
EVERBEE ESTIMATE — NOT ETSY TRANSACTION DATA,KRISMAXweddings,21.0,7026.0,4346651272,"Animated Wedding Invitation, Elegant White Rose Digital Wedding Video,Canva Template for Modern Neutral Wedding,Editable Mobile  eInvite",14.0,7.87,1034.0,155 105 103 72 127 142 131 24 60 35 16 64,35 16 64,12,0.147,CLEAN,FADING,Wedding guest-facing decor,DESIGN,v1:wedding
EVERBEE ESTIMATE — NOT ETSY TRANSACTION DATA,TheEditableWedding,16.0,6166.0,4358932149,"Minimalist Wedding Sign Templates: 70 Editable Signs (Printable), MC25",14.0,8.4,1032.0,14 81 124 115 102 124 124 82 79 44 76 67,44 76 67,12,0.167,CLEAN,ACTIVE,Wedding guest-facing decor,DESIGN,v1:wedding
EVERBEE ESTIMATE — NOT ETSY TRANSACTION DATA,HookedbyKariPatterns,20.0,10355.0,4379324061,Safari Animals - Overlay Mosaic Baby Blanket PATTERN ONLY (US Terms),11.0,8.0,1028.0,0 14 51 26 230 116 146 102 82 99 32 130,99 32 130,11,0.099,CLEAN,ACTIVE,Crafter (patterns),DESIGN,v1:baby
EVERBEE ESTIMATE — NOT ETSY TRANSACTION DATA,ZillennialDesignCo,21.0,5888.0,4322723357,Personalized Name Tracing Workbook: Preschool Learning Activity Toddler Busy Book Custom My Name Worksheets (Canva Template PDF Download),16.0,3.7,1021.0,91 153 76 64 76 71 29 111 48 79 174 49,79 174 49,12,0.173,CLEAN,ACTIVE,Kids learning / party host,DESIGN,v1:business
EVERBEE ESTIMATE — NOT ETSY TRANSACTION DATA,PaperPlansx,13.0,5095.0,4372874625,"Ultimate Life Planner Bundle: 600+ Printable Pages, Daily, Weekly, Yearly, Minimalist Templates, 2027 / 2026 Journal (A4, A5, US Letter )",13.0,36.37,991.0,0 58 146 207 123 99 43 78 32 56 76 73,56 76 73,11,0.195,CLEAN,ACTIVE,Productivity planner user,VAGUE,v1:planner
EVERBEE ESTIMATE — NOT ETSY TRANSACTION DATA,TheCottonHouseEmbrdy,21.0,2780.0,4317189710,ITH Birth Stats Tag Machine Embroidery Design: Southern Baby Banner (Digital Download),16.0,6.5,981.0,56 28 52 36 88 20 180 184 28 92 173 44,92 173 44,12,0.353,CLEAN,ACTIVE,Merch / decor / design assets (any buyer),DESIGN,v1:baby
EVERBEE ESTIMATE — NOT ETSY TRANSACTION DATA,QuiltbyMagic,14.0,5316.0,4444107035,Sweet Elephant Baby Appliqué Quilt PDF Pattern|Video Tutorials| Beginner digital download,9.0,9.0,978.0,0 0 0 35 122 205 161 134 106 107 88 20,107 88 20,9,0.184,CLEAN,ACTIVE,Crafter (patterns),DESIGN,v1:baby
EVERBEE ESTIMATE — NOT ETSY TRANSACTION DATA,NCpresetsco,14.0,7512.0,4341994686,"10 EARTHY Presets, Warm Rich Tones Presets for Outdoor Photography, Earthy Nature Filters, Travel Presets, Mobile & Desktop Lightroom Preset",14.0,13.92,950.0,120 104 27 39 66 37 166 83 88 110 66 44,110 66 44,12,0.126,CLEAN,ACTIVE,Merch / decor / design assets (any buyer),DESIGN,v1:travel
EVERBEE ESTIMATE — NOT ETSY TRANSACTION DATA,BloomyHandsCraft,9.0,5049.0,4492285851,"Rolled Flower SVG,Paper Flower, 3d Flower Svg, Wedding Flower Svg,Rolled Flower Template,Paper leaf svg,DIY Wedding Decor,Digital download",5.0,3.33,949.0,0 0 0 0 0 0 0 69 293 216 242 129,216 242 129,5,0.188,NEAR-CLEAN,ACTIVE,Merch / decor / design assets (any buyer),DESIGN,v1:wedding
EVERBEE ESTIMATE — NOT ETSY TRANSACTION DATA,SparkleSlate,17.0,4169.0,4402491015,Wedding Magazine Template | Editable Wedding Program | Wedding Booklet | Custom Wedding Magazine | Wedding Journal | Personalize Magazine,11.0,25.0,943.0,0 0 23 74 41 100 38 130 82 179 84 192,179 84 192,10,0.226,CLEAN,ACTIVE,Wedding guest-facing decor,DESIGN,v1:wedding
EVERBEE ESTIMATE — NOT ETSY TRANSACTION DATA,PATTERNSTUDiOByMimi,14.0,5805.0,4386775005,Baby Topknot Hat Knitting pattern: Beginner-Friendly Beanie (PDF Pattern),9.0,5.0,938.0,0 14 46 94 202 148 84 114 112 38 78 8,38 78 8,11,0.162,CLEAN,FADING,Crafter (patterns),DESIGN,v1:baby
EVERBEE ESTIMATE — NOT ETSY TRANSACTION DATA,BieliznaBoutique,9.0,2056.0,4462703283,"Cute Bunny Embroidery Design, Easter Bunny Girl, Baby Bunny Tutu, Spring Embroidery File, Machine Embroidery, 5 Size, Instant Download",4.0,6.0,932.0,0 0 0 0 0 0 0 4 356 304 164 104,304 164 104,5,0.453,NEAR-CLEAN,ACTIVE,Merch / decor / design assets (any buyer),DESIGN,v1:baby
EVERBEE ESTIMATE — NOT ETSY TRANSACTION DATA,TheTreasuredTreetop,19.0,2865.0,4377165033,"Co-Parenting Documentation Bundle | Custody Calendar, Child Support & Expense Tracker | Visitation Log and Parenting Time Planner",12.0,18.99,928.0,0 34 81 100 171 97 80 79 80 79 81 46,79 81 46,11,0.324,CLEAN,ACTIVE,Separated parent (co-parenting #17 live),LIVE_LL,v1:co-parent;v1:log;v1:planner;v1:tracker
EVERBEE ESTIMATE — NOT ETSY TRANSACTION DATA,ArtisticDigitalpk,18.0,6443.0,4390075672,"Fonts: Hearts, Script, Cursive, Signature, Swashes, Wedding; SVG, Cricut Font Bundle - Instant Download",12.0,3.3,915.0,0 113 148 104 92 159 127 67 75 0 25 5,0 25 5,10,0.142,CLEAN,FADING,Merch / decor / design assets (any buyer),DESIGN,v1:wedding
EVERBEE ESTIMATE — NOT ETSY TRANSACTION DATA,LushFlowCreations,19.0,1509.0,4344670532,"Pregnancy Announcement Template, Editable Baby Reveal Announcement, Neutral Gender Baby Announcement, Boho Pregnancy Reveal for Social Media",14.0,4.5,905.0,0 42 105 102 136 154 168 69 84 24 21 0,24 21 0,10,0.6,CLEAN,FADING,Expecting / new parent,VAGUE,v1:baby
EVERBEE ESTIMATE — NOT ETSY TRANSACTION DATA,RoodabeguhsMarket,12.0,1621.0,4539203001,"Virtual Pets for Roodabeguh. POV of Petting Roo, Loyalty Card and AYCP Handstamp Included. Also feel that his ears are like Velvet",2.0,1.0,887.0,0 0 0 0 0 0 0 0 0 0 610 277,0 610 277,2,0.547,NEAR-CLEAN,ACTIVE,Kids learning / party host,DESIGN,v1:pet
EVERBEE ESTIMATE — NOT ETSY TRANSACTION DATA,LollysCreativeCrafts,16.0,1246.0,4325898578,"Crochet Baby Blanket Pattern: Easy Stitch,  (Digital Download)",16.0,4.3,886.0,0 9 40 181 66 125 107 75 103 54 126 0,54 126 0,10,0.711,CLEAN,ACTIVE,Crafter (patterns),DESIGN,v1:baby
EVERBEE ESTIMATE — NOT ETSY TRANSACTION DATA,TheYarnnestCOArt,11.0,3729.0,4431025475,Baby cardigan knitting Pattern | Newborn to 18 months | Easy Baby Sweater PDF | Toddler Jacket knitting Pattern | Kids Cardigan DIY Tutorial,10.0,6.0,884.0,0 0 0 0 127 134 173 131 127 62 73 57,62 73 57,8,0.237,CLEAN,ACTIVE,Crafter (patterns),DESIGN,v1:baby
EVERBEE ESTIMATE — NOT ETSY TRANSACTION DATA,LinoaVintage,10.0,1730.0,4417883081,Pastel Floral Nursery Wall Art – Digital Cottagecore Baby Girl Room Shabby Chic Print,8.0,23.05,875.0,0 0 0 44 105 136 126 131 113 78 128 14,78 128 14,9,0.506,CLEAN,ACTIVE,Merch / decor / design assets (any buyer),DESIGN,v1:baby
EVERBEE ESTIMATE — NOT ETSY TRANSACTION DATA,ParisHomewares,13.0,1490.0,4437955769,Complete DMC Color Thread Chart Thread Tracker PDF/Excel: Floss Numbers Names 150-3866 Printable DMC Skein Tracker Includes,8.0,2.98,861.0,0 0 0 0 36 94 40 133 133 121 135 169,121 135 169,8,0.578,CLEAN,ACTIVE,Productivity planner user,VAGUE,v1:tracker
EVERBEE ESTIMATE — NOT ETSY TRANSACTION DATA,Templix8,13.0,4727.0,4449808621,"Modern Baby Shower Games bundle, Baby Word Search, Draw The Baby, Baby Pictionary Game, Baby Shower Quiz, Baby Mad Libs, Baby Family Feud",9.0,3.96,854.0,0 0 0 0 0 17 17 99 271 129 163 158,129 163 158,7,0.181,NEAR-CLEAN,ACTIVE,Expecting / new parent,VAGUE,v1:baby
EVERBEE ESTIMATE — NOT ETSY TRANSACTION DATA,TheDesignflux,18.0,5279.0,4320477265,"Classic Winnie-the-Pooh retro Clipart, Baby Shower Birthday Decorations, Canva Templates, Instant Digital Download, Wood Party Label",15.0,3.5,851.0,215 82 106 9 68 91 79 38 69 35 39 20,35 39 20,12,0.161,CLEAN,FADING,IP / fan merch,DESIGN,v1:baby
EVERBEE ESTIMATE — NOT ETSY TRANSACTION DATA,TinyKicksStudio,15.0,2140.0,4409651106,"Boho Pregnancy Announcement, Editable baby Announcement Template, Neutral baby reveal Digital, Minimalist Pregnancy reveal Social Media",11.0,4.5,837.0,0 0 54 88 23 159 108 142 89 66 108 0,66 108 0,9,0.391,CLEAN,ACTIVE,Expecting / new parent,VAGUE,v1:baby
EVERBEE ESTIMATE — NOT ETSY TRANSACTION DATA,BrightVisionStudioCo,20.0,6565.0,1863104382,"Income and Expense Tracker Spreadsheet, Personal Financial Google Sheets, Monthly Expense Tracker Debt Tracker Business Profit Loss Template",20.0,4.0,836.0,24 153 59 55 45 57 137 44 95 78 41 48,78 41 48,12,0.127,CLEAN,ACTIVE,Household budgeter (#1-#7 live),LIVE_LL,v1:business;v1:spreadsheet;v1:tracker
EVERBEE ESTIMATE — NOT ETSY TRANSACTION DATA,LovingSheets,16.0,6097.0,4343190565,"One-Page Monthly Planner, 12 Months Yearly Overview Spreadsheet for Google Sheets & Excel Template, Excel Annual Calendar Template",15.0,11.21,827.0,112 165 44 88 103 139 22 62 4 44 22 22,44 22 22,12,0.136,CLEAN,FADING,Productivity planner user,VAGUE,v1:planner;v1:spreadsheet
EVERBEE ESTIMATE — NOT ETSY TRANSACTION DATA,AstheticshopCrafts,9.0,7527.0,4472252447,"Baby Winnie the Pooh Changeable SVG PNG Bundle, Pooh Bear Clipart, Baby Shower Sublimation Tigger, Eeyore, Piglet Kids, Winnie the Pooh Png",7.0,3.99,826.0,0 0 0 0 0 0 105 196 229 104 73 119,104 73 119,6,0.11,NEAR-CLEAN,ACTIVE,IP / fan merch,DESIGN,v1:baby
EVERBEE ESTIMATE — NOT ETSY TRANSACTION DATA,LuxelinestudioArt,19.0,4037.0,4477400611,"Elegant Animated Save-the-Date Video, Envelope Reveal Invitation, Editable Wedding E-Invite Template for Modern Couples",7.0,2.4,822.0,0 0 0 0 0 0 27 203 186 176 101 129,176 101 129,6,0.204,NEAR-CLEAN,ACTIVE,Wedding guest-facing decor,DESIGN,v1:wedding
EVERBEE ESTIMATE — NOT ETSY TRANSACTION DATA,PrioriDesignStudio,13.0,4130.0,4349291253,Savings Tracker Google Sheets Sinking Funds Planner Spreadsheet Personal Finance Tracker Monthly Savings Goal Planner Financial Organizer,13.0,2.46,819.0,6 57 21 84 177 45 135 63 63 66 60 42,66 60 42,12,0.198,CLEAN,ACTIVE,Household budgeter (#1-#7 live),LIVE_LL,v1:planner;v1:spreadsheet;v1:tracker
EVERBEE ESTIMATE — NOT ETSY TRANSACTION DATA,CriosphinxCreations,14.0,1504.0,4414311260,Baby Paper Dragon Puppet TEMPLATES,11.0,4.99,816.0,0 85 155 84 58 83 70 131 59 28 51 12,28 51 12,11,0.543,CLEAN,FADING,Expecting / new parent,VAGUE,v1:baby
EVERBEE ESTIMATE — NOT ETSY TRANSACTION DATA,SabiyaGifts,14.0,6229.0,4442022072,"Sugar Crush Embroidery Font, Handwritten Alphabet for Children, Playful Chunky Lettering for Baby, BX pes dst jef, Bold Satin Stitch Set",9.0,11.75,814.0,0 0 0 8 48 8 236 177 197 76 36 28,76 36 28,9,0.131,CLEAN,ACTIVE,Merch / decor / design assets (any buyer),DESIGN,v1:baby
EVERBEE ESTIMATE — NOT ETSY TRANSACTION DATA,LooniesStudioStore,15.0,941.0,4432223420,Elegant 2026 Monthly Planner Monday Start Portrait Wall Calendar in White and Beige PRINTABLE PDF,10.0,1.4,811.0,0 0 22 369 149 94 17 69 11 49 20 11,49 20 11,10,0.862,CLEAN,FADING,Productivity planner user,VAGUE,v1:planner
EVERBEE ESTIMATE — NOT ETSY TRANSACTION DATA,HappyLittleHeartsHub,12.0,6917.0,4435391778,"ABC Coloring Book Baby Shower Game, ABC Book Baby Shower Activity, ABC Baby Shower Coloring Book, Baby Shower Game Bundle, Baby Activities",9.0,2.99,810.0,0 0 0 76 128 186 106 102 68 54 36 54,54 36 54,9,0.117,CLEAN,ACTIVE,Expecting / new parent,VAGUE,v1:baby
EVERBEE ESTIMATE — NOT ETSY TRANSACTION DATA,MRluxeStudio,19.0,1953.0,4332561999,Name Logo Design Word Logo Initial Logo Personalized Business Logo Minimalist  Custom  Design SVG  Name Geometric Logo,15.0,3.1,803.0,33 52 197 59 73 31 49 74 85 84 55 11,84 55 11,12,0.411,CLEAN,ACTIVE,Merch / decor / design assets (any buyer),DESIGN,v1:business
EVERBEE ESTIMATE — NOT ETSY TRANSACTION DATA,JamCrochetDesigns,7.0,1889.0,4470332036,"Beginner Crochet Bunny Lovey Pattern, Easy Infant Rabbit Security Blanket PDF, Baby Shower Gift DIY, Textured Animal Snuggler Tutorial",6.0,3.1,799.0,0 0 0 0 0 0 131 143 163 147 138 77,147 138 77,6,0.423,NEAR-CLEAN,ACTIVE,Crafter (patterns),DESIGN,v1:baby
EVERBEE ESTIMATE — NOT ETSY TRANSACTION DATA,IdealmartShop,10.0,6072.0,4442625379,"Sonic The Hedgehog PNG , Sonic The Hedgehog , sonic Png , hedgehog Png , Sonic Face png , sonic characters Png , Sonic Birthday Baby shirt",8.0,2.6,797.0,0 0 0 0 13 54 237 144 100 44 180 25,44 180 25,8,0.131,CLEAN,ACTIVE,IP / fan merch,DESIGN,v1:baby
EVERBEE ESTIMATE — NOT ETSY TRANSACTION DATA,EverStitchBox,20.0,3945.0,4418864450,Baby Quilt Pattern PDF - Squares on Point with Sashing - Diamond Layout - Charm Pack - Beginner Nursery Crib Quilt | Instant Download,10.0,7.5,796.0,0 0 30 96 114 125 57 92 50 81 80 71,81 80 71,10,0.202,CLEAN,ACTIVE,Crafter (patterns),DESIGN,v1:baby
EVERBEE ESTIMATE — NOT ETSY TRANSACTION DATA,CutCraftPattern,23.0,7646.0,4402252333,Flat Cap Sewing Pattern PDF – Baby to Adult Sizes – Printable Template,11.0,8.5,793.0,0 61 90 54 148 258 91 52 26 5 8 0,5 8 0,10,0.104,CLEAN,FADING,Crafter (patterns),DESIGN,v1:baby
EVERBEE ESTIMATE — NOT ETSY TRANSACTION DATA,STUDIOGWYN,13.0,5233.0,4412302488,Old Money Wedding Website Template with RSVP: Classic Burgundy Digital Invitation,11.0,32.55,783.0,0 0 40 172 99 88 68 116 95 51 38 16,51 38 16,10,0.15,CLEAN,FADING,Wedding guest-facing decor,DESIGN,v1:wedding
EVERBEE ESTIMATE — NOT ETSY TRANSACTION DATA,TheBizzyBabe,21.0,4746.0,4437843138,Baby Shower Invitation | A New Chapter Begins | Storybook Baby Shower Invite | Book Theme Baby Shower | Printable | Canva Template,9.0,9.99,780.0,0 0 0 16 41 55 50 187 129 117 145 40,117 145 40,9,0.164,CLEAN,ACTIVE,Expecting / new parent,VAGUE,v1:baby
EVERBEE ESTIMATE — NOT ETSY TRANSACTION DATA,GamesPantry,14.0,5515.0,4418491019,"The Price Is Right Baby Shower Game Template, Price Guessing Game, Baby Trivia Quiz Printable, Digital Download",10.0,2.5,771.0,0 0 0 84 190 136 109 84 105 15 24 24,15 24 24,9,0.14,CLEAN,FADING,Expecting / new parent,VAGUE,v1:baby
EVERBEE ESTIMATE — NOT ETSY TRANSACTION DATA,EzPlanningStudio,19.0,5326.0,4301406396,Ongoing Monthly Bill Spreadsheet • ADHD Friendly Budget Tracker for Google Sheets & Excel • No Annual Reset • Beginner Financial Planner,17.0,7.88,764.0,54 63 80 136 117 148 103 27 7 5 8 16,5 8 16,12,0.143,CLEAN,FADING,ADHD adult (excluded by brief),EXCLUDED_BY_BRIEF,v1:adhd;v1:budget;v1:planner;v1:spreadsheet;v1:tracker
EVERBEE ESTIMATE — NOT ETSY TRANSACTION DATA,Vistovia,18.0,3121.0,4360884653,"Editable Winnie The Pooh Baby Shower Invitation, Winnie The Pooh Invitation, Pooh Baby, Digital Invitation Oh Boy, Pooh Printable Template",14.0,3.99,764.0,166 85 55 110 58 50 101 33 52 40 4 10,40 4 10,12,0.245,CLEAN,FADING,IP / fan merch,DESIGN,v1:baby
EVERBEE ESTIMATE — NOT ETSY TRANSACTION DATA,pawswithflowers,21.0,1488.0,1842016632,Custom Pet Portrait: Personalized Digital Artwork from Photo (Digital Download),21.0,30.1,760.0,122 160 180 44 2 8 42 2 18 103 49 30,103 49 30,12,0.511,CLEAN,ACTIVE,Unassigned,VAGUE,v1:pet
EVERBEE ESTIMATE — NOT ETSY TRANSACTION DATA,CyberGemMockups,19.0,1208.0,4297351535,"Personalized Pet Portrait,Funny Dog Bathroom Wall Art,Home Decor,Digital Download",15.0,14.0,755.0,169 122 122 86 97 111 27 9 3 6 3 0,6 3 0,11,0.625,CLEAN,FADING,Merch / decor / design assets (any buyer),DESIGN,v1:pet
EVERBEE ESTIMATE — NOT ETSY TRANSACTION DATA,Craftyfizzz,21.0,5588.0,1851580120,"Editable Winnie the Pooh Baby Shower Invitation, Digital Invitation Oh Boy, Blue Winnie The Pooh Invitation, Canva Editable",21.0,2.99,754.0,91 219 67 95 50 58 45 42 29 53 5 0,53 5 0,11,0.135,CLEAN,FADING,IP / fan merch,DESIGN,v1:baby
EVERBEE ESTIMATE — NOT ETSY TRANSACTION DATA,ProPacksStudio,18.0,5851.0,4352451738,"4000+ n8n Automation Templates Mega Bundle | AI & Social Media Workflows | Content Creation, Marketing, Business Automation Toolkit.",13.0,6.0,751.0,123 154 86 96 76 98 0 34 46 16 16 6,16 16 6,11,0.128,CLEAN,FADING,Kids learning / party host,DESIGN,v1:business
EVERBEE ESTIMATE — NOT ETSY TRANSACTION DATA,JoisuDezainSutajio,24.0,10035.0,4310320815,Editable Rainbow Baby Digital Pregnancy Announcement Minimalist Social Media Reveal IVF Baby Neutral Boho Baby Reveal After Every Storm,16.0,3.35,744.0,217 119 80 39 63 62 59 20 4 47 17 17,47 17 17,12,0.074,CLEAN,FADING,Expecting / new parent,VAGUE,v1:baby
EVERBEE ESTIMATE — NOT ETSY TRANSACTION DATA,TemplateVaultMY,11.0,2723.0,4446498734,Vehicle Bill of Sale AS-IS PDF | Printable Car Sale Form | Buyer Accepts Condition | Private Sale | Instant Download,9.0,1.47,743.0,0 0 0 0 2 16 74 110 70 126 184 161,126 184 161,8,0.273,CLEAN,ACTIVE,Unassigned,VAGUE,v1:forms;v1:vehicle
EVERBEE ESTIMATE — NOT ETSY TRANSACTION DATA,BrightFoxCreation,18.0,7449.0,4430938442,Budget Planner Google Sheet Monthly Budget Spreadsheet Paycheck Budget Template Simple Weekly Financial Planner Beginners Biweekly Budgeting,10.0,1.98,740.0,0 0 0 2 34 36 72 111 149 195 54 87,195 54 87,9,0.099,CLEAN,ACTIVE,Household budgeter (#1-#7 live),LIVE_LL,v1:budget;v1:planner;v1:spreadsheet
EVERBEE ESTIMATE — NOT ETSY TRANSACTION DATA,SmartKitDesigns,15.0,1996.0,4445099735,"Google Sheets Budget Planner: Weekly, Monthly, & Paycheck Budget (Digital Download)",9.0,3.99,739.0,0 0 0 36 0 0 99 190 87 117 116 94,117 116 94,7,0.37,NEAR-CLEAN,ACTIVE,Household budgeter (#1-#7 live),LIVE_LL,v1:budget;v1:planner
EVERBEE ESTIMATE — NOT ETSY TRANSACTION DATA,SewwithJacqueline,15.0,939.0,4342575250,"Toddler & Baby Pants Sewing Pattern PDF – Wide Leg, Grow With Me Elastic Waist, Easy Beginner",15.0,12.0,738.0,96 64 79 130 45 44 62 71 27 20 62 38,20 62 38,12,0.786,CLEAN,ACTIVE,Crafter (patterns),DESIGN,v1:baby
EVERBEE ESTIMATE — NOT ETSY TRANSACTION DATA,CraftyLoopsHub,10.0,1628.0,4427474787,Pullover Dog Sweater Crochet Pattern PDF | XS–XL Pet Sweater | Easy Crochet Dog Clothes,9.0,5.0,731.0,0 0 0 15 153 127 181 85 82 20 34 34,20 34 34,9,0.449,CLEAN,FADING,Crafter (patterns),DESIGN,v1:pet
EVERBEE ESTIMATE — NOT ETSY TRANSACTION DATA,NeatsheetsTemplates,20.0,2484.0,1865054904,Wedding Planner Spreadsheet Wedding Budget Tracker Wedding Timeline Checklist Wedding Guest List Tracker Wedding Seating Chart Wedding Gift,20.0,17.23,728.0,101 75 73 194 19 13 97 118 19 19 0 0,19 0 0,10,0.293,CLEAN,FADING,Household budgeter (#1-#7 live),LIVE_LL,v1:budget;v1:checklist;v1:planner;v1:spreadsheet;v1:tracker;v1:wedding
EVERBEE ESTIMATE — NOT ETSY TRANSACTION DATA,Digiknits123,9.0,9918.0,4452937401,"Lace Frill Collar Baby Tunic Sweater & Cardigan PDF Knitting Pattern Toddler Jumper DK 8ply 16 - 22"" Newborn - 2 yrs Download",8.0,2.12,726.0,0 0 0 0 42 192 105 90 138 75 51 33,75 51 33,8,0.073,CLEAN,ACTIVE,Crafter (patterns),DESIGN,v1:baby
EVERBEE ESTIMATE — NOT ETSY TRANSACTION DATA,DigitalDaze008,23.0,8436.0,1851861179,"Family Name SVG, Cutting Board SVG, Wedding Monogram SVG, Personalized Split Monogram, Kitchen Towel Svg, Invitation Svg Download",21.0,4.28,725.0,81 34 90 47 49 52 105 43 54 34 102 34,34 102 34,12,0.086,CLEAN,ACTIVE,Merch / decor / design assets (any buyer),DESIGN,v1:wedding
EVERBEE ESTIMATE — NOT ETSY TRANSACTION DATA,Luminarelle,14.0,6182.0,4503065749,"70,000+ Digital Stickers for GoodNotes e iPad | Pre-Cropped PNG Sticker Book Bundle | Planner, Study e Productivity Pack | Instant Download",5.0,7.76,722.0,0 0 0 0 0 0 0 43 106 159 236 178,159 236 178,5,0.117,NEAR-CLEAN,ACTIVE,Merch / decor / design assets (any buyer),DESIGN,v1:planner
EVERBEE ESTIMATE — NOT ETSY TRANSACTION DATA,MagicCrochetVerse,16.0,2515.0,4479654100,Crochet Baby Blanket Pattern Butterfly Granny Square | Easy Afghan PDF Pattern Instant Download + Video Tutorial,7.0,5.0,719.0,0 0 0 0 0 0 220 161 167 51 98 22,51 98 22,6,0.286,NEAR-CLEAN,ACTIVE,Crafter (patterns),DESIGN,v1:baby
EVERBEE ESTIMATE — NOT ETSY TRANSACTION DATA,Heart2HeartbyYoli,13.0,2913.0,4387662292,"French Budget Planner Google Sheets Budget mensuel français, Monthly Budget Planner français, Monthly Budget Spreadsheet in French",12.0,5.8,706.0,0 53 97 26 22 66 9 38 125 114 66 90,114 66 90,11,0.242,CLEAN,ACTIVE,Household budgeter (#1-#7 live),LIVE_LL,v1:budget;v1:planner;v1:spreadsheet
EVERBEE ESTIMATE — NOT ETSY TRANSACTION DATA,LinkDigitalStudio,15.0,9256.0,4323497785,"Wedding Planner Spreadsheet, Wedding Budget Spreadsheet, Wedding Google sheets Budget, Wedding Planning Checklist, Excel Seating Plan",15.0,8.54,705.0,130 45 74 38 76 38 35 51 87 74 38 19,74 38 19,12,0.076,CLEAN,ACTIVE,Household budgeter (#1-#7 live),LIVE_LL,v1:budget;v1:checklist;v1:planner;v1:spreadsheet;v1:wedding
EVERBEE ESTIMATE — NOT ETSY TRANSACTION DATA,GomperDesigns,15.0,2680.0,4319285922,Pokémon Complete Dex Card Placeholder 1-1025 TCG PokeDex Binder PDF Printable Perfect for helping you complete your PokeDex Digital Download,15.0,6.0,702.0,110 115 90 84 108 66 49 50 6 1 12 11,1 12 11,12,0.262,CLEAN,FADING,IP / fan merch,DESIGN,v1:binder
EVERBEE ESTIMATE — NOT ETSY TRANSACTION DATA,SanyoDesign,16.0,6571.0,4347904839,"Witch Cat Hat Crochet Pattern, Halloween Cat Hat Pattern, Pet Witch Hat Crochet, Witch Cat Beanie Crochet, Friendly Crochet Tutorial",13.0,4.88,701.0,135 167 154 69 63 0 9 13 22 0 22 47,0 22 47,10,0.107,CLEAN,FADING,Crafter (patterns),DESIGN,v1:pet
EVERBEE ESTIMATE — NOT ETSY TRANSACTION DATA,KawaiiFitShop,19.0,8776.0,4382047954,"800+ Nurse PNG Mega Bundle, Stethoscope Bow Clipart, Seasonal Designs (Digital Download)",12.0,6.0,696.0,89 141 73 54 35 32 43 45 15 31 76 62,31 76 62,12,0.079,CLEAN,ACTIVE,Merch / decor / design assets (any buyer),DESIGN,nurse;nursing
EVERBEE ESTIMATE — NOT ETSY TRANSACTION DATA,Chochique,15.0,2350.0,4332504550,"Watercolor Floral Border Png, Wildflowers Borders, Wild Flowers Clipart, Watercolor Clipart, Wedding Card, Meadow Flowers, Spring Flowers",14.0,5.98,693.0,10 0 40 48 110 34 142 84 71 68 48 38,68 48 38,11,0.295,CLEAN,ACTIVE,Merch / decor / design assets (any buyer),DESIGN,v1:wedding
EVERBEE ESTIMATE — NOT ETSY TRANSACTION DATA,MintMeadowPrintables,17.0,5305.0,4332657746,Modern Minimalist Pregnancy Announcement Template Baby Reveal Digital Social Media Reveal Neutral Baby Announcement Ideas Editable,15.0,4.86,688.0,148 146 155 69 2 32 17 34 62 23 0 0,23 0 0,10,0.13,CLEAN,FADING,Expecting / new parent,VAGUE,v1:baby
EVERBEE ESTIMATE — NOT ETSY TRANSACTION DATA,ToAllMyMemories,24.0,3015.0,1880261127,"End Of Life Planner, Emergency Binder, Just In Case Binder, Funeral Planner Printable, What If Binder, Household Planner, Legacy Journal",20.0,15.0,686.0,98 92 106 110 44 54 42 28 0 54 30 28,54 30 28,11,0.228,CLEAN,ACTIVE,Household readiness / end-of-life (excluded: Dept #1),EXCLUDED_BY_BRIEF,v1:binder;v1:planner
EVERBEE ESTIMATE — NOT ETSY TRANSACTION DATA,ArtTailCreations,12.0,1823.0,4366257512,"Custom Bathroom Pet Portrait Set Of 4, Funny Pet Art Prints (Digital Download)",12.0,28.37,682.0,4 4 0 97 83 66 78 95 80 77 64 34,77 64 34,11,0.374,CLEAN,ACTIVE,Unassigned,VAGUE,v1:pet
EVERBEE ESTIMATE — NOT ETSY TRANSACTION DATA,FlowifyHub,12.0,2068.0,4418235452,"Editable Doctor's Excuse Template | Absence Form (Word, PDF, Canva)",10.0,3.5,680.0,0 0 56 104 40 34 160 56 110 85 35 0,85 35 0,9,0.329,CLEAN,ACTIVE,Kids learning / party host,DESIGN,v1:forms
EVERBEE ESTIMATE — NOT ETSY TRANSACTION DATA,craftbyfari,8.0,3691.0,4440707370,Baby Mobile Crochet Pattern PDF – Baby Shower Gift – Instant Download – Amigurumi Heart & Moon Mobile with Rabbit – Nursery Decor DIY,8.0,3.0,672.0,0 0 0 0 22 172 244 122 14 58 12 28,58 12 28,8,0.182,CLEAN,FADING,Crafter (patterns),DESIGN,v1:baby
EVERBEE ESTIMATE — NOT ETSY TRANSACTION DATA,designsbymaery,19.0,5432.0,4379235342,"Old Money Wedding Menu Card Template, Elegant Menu And Place Card Set, Red Dinner Menu and Thank You Card, Instant Download, Printable OM02",12.0,11.59,661.0,56 62 14 143 48 14 98 56 14 85 40 31,85 40 31,12,0.122,CLEAN,ACTIVE,Wedding guest-facing decor,DESIGN,v1:wedding
EVERBEE ESTIMATE — NOT ETSY TRANSACTION DATA,milistudiof,11.0,10633.0,4421196052,"Kit Digital Ursinho Pooh Aquarela, Clipart Ursinho Pooh Baby, Winnie the Pooh Watercolor Digital Kit, Pooh and Friends Watercolor Clipart",10.0,10.0,659.0,0 0 19 57 182 120 38 77 36 76 13 41,76 13 41,10,0.062,CLEAN,ACTIVE,IP / fan merch,DESIGN,v1:baby
EVERBEE ESTIMATE — NOT ETSY TRANSACTION DATA,TheChavyCo,23.0,2000.0,1875394135,Birth Plan Template Editable and Printable Birth Plan Labor and Delivery Plan Hospital Bag Checklist Natural Birthing Plan Pregnancy Planner,19.0,3.5,659.0,118 127 120 31 103 24 8 26 17 19 32 34,19 32 34,12,0.33,CLEAN,FADING,Expecting / new parent,VAGUE,v1:checklist;v1:planner
EVERBEE ESTIMATE — NOT ETSY TRANSACTION DATA,FamcarCreates,19.0,4311.0,4323717630,"FODMAP Food Chart, IBS Diet Guide, Printable Low Fodmap Food List + Grocery List, Nutrition Guide for Gut Health, IBD Meal Plan, Fodmap Diet",16.0,7.17,651.0,56 69 56 52 48 66 55 66 49 35 42 57,35 42 57,12,0.151,CLEAN,ACTIVE,Unassigned,VAGUE,v1:meal
EVERBEE ESTIMATE — NOT ETSY TRANSACTION DATA,BullockSeasonalCo,13.0,644.0,4428806637,Ultimate Mom Binder | Printable Home Management Binder,10.0,9.99,648.0,0 0 115 101 73 184 89 32 0 0 50 4,0 50 4,8,1.006,CLEAN,FADING,Household readiness / end-of-life (excluded: Dept #1),EXCLUDED_BY_BRIEF,v1:binder
EVERBEE ESTIMATE — NOT ETSY TRANSACTION DATA,CreativeFilesUSA,12.0,1300.0,4454862271,Place Cards Printing Template | Printable Flat and Folded Wedding Table Name Tags | Editable Canva Guest Seating Tent Card | DIY Placecard,8.0,4.99,648.0,0 0 0 0 0 42 93 89 48 119 143 114,119 143 114,7,0.498,NEAR-CLEAN,ACTIVE,Wedding guest-facing decor,DESIGN,v1:wedding
EVERBEE ESTIMATE — NOT ETSY TRANSACTION DATA,GoldenThreadsluxe,20.0,3458.0,4338318138,"Easy Quilt Pattern, Modern Clean Design - Geometric Patchwork, Beginner Friendly, Guided Instructions | PDF, 56""x72",14.0,15.99,638.0,8 22 48 28 103 83 78 18 48 72 80 50,72 80 50,12,0.184,CLEAN,ACTIVE,Crafter (patterns),DESIGN,v1:cleaning
EVERBEE ESTIMATE — NOT ETSY TRANSACTION DATA,JCFreundDesigns,19.0,2577.0,4334347857,Crochet Baby Blanket Pattern – Easy Shell Stitch,15.0,2.49,636.0,0 17 0 0 8 30 32 90 96 185 126 52,185 126 52,9,0.247,CLEAN,ACTIVE,Crafter (patterns),DESIGN,v1:baby
EVERBEE ESTIMATE — NOT ETSY TRANSACTION DATA,GatheredEventsCA,21.0,5755.0,1892525395,Vegetable Pregnancy Milestone Cards | Weekly Baby Growth Tracker (Printable),19.0,7.11,636.0,110 45 20 32 26 33 58 23 81 40 83 85,40 83 85,12,0.111,CLEAN,ACTIVE,Expecting / new parent,VAGUE,v1:baby;v1:tracker
EVERBEE ESTIMATE — NOT ETSY TRANSACTION DATA,GrafixiaShop,23.0,2717.0,4363530295,"Celestial Animated Stream Overlay Pack for Twitch, Kick, Youtube/Aesthetic Theme/Cosmic Elegance/Purple/Galaxy/Panels/Alerts/Clean Stream",13.0,9.0,631.0,129 43 51 24 46 72 30 50 23 36 80 47,36 80 47,12,0.232,CLEAN,ACTIVE,Unassigned,VAGUE,v1:cleaning
EVERBEE ESTIMATE — NOT ETSY TRANSACTION DATA,Needlethrone,19.0,10775.0,4350159964,"Baby Stitch Embroidery Machine File, Lilo Love Patterns (6 Sizes)",13.0,8.0,630.0,60 111 116 58 93 50 41 26 45 0 15 15,0 15 15,11,0.058,CLEAN,FADING,Merch / decor / design assets (any buyer),DESIGN,v1:baby
EVERBEE ESTIMATE — NOT ETSY TRANSACTION DATA,CurrentKnits,14.0,851.0,4334113621,Strawberry Fields *PATTERN* Knit Baby Blanket (multiple sizes including throw and twin sizes),14.0,6.75,630.0,36 27 21 63 105 63 24 81 21 84 57 48,84 57 48,12,0.74,CLEAN,ACTIVE,Crafter (patterns),DESIGN,v1:baby
EVERBEE ESTIMATE — NOT ETSY TRANSACTION DATA,SunriseHollowCrafts,11.0,2847.0,4425672529,"Sheep Lovey Crochet Pattern, Lamb Snuggler PDF, Easy Crochet Baby Blanket Toy",9.0,3.49,629.0,0 0 0 0 14 106 207 113 151 14 0 24,14 0 24,7,0.221,NEAR-CLEAN,FADING,Crafter (patterns),DESIGN,v1:baby
EVERBEE ESTIMATE — NOT ETSY TRANSACTION DATA,CreaPawsCo,13.0,1364.0,4364801001,Custom Pet Portrait Funny Dog Bathroom Art Set Of 4 Digital Download,13.0,59.88,627.0,5 10 30 65 82 117 84 94 26 44 64 6,44 64 6,12,0.46,CLEAN,ACTIVE,Unassigned,VAGUE,v1:pet
EVERBEE ESTIMATE — NOT ETSY TRANSACTION DATA,TheGoldenGiftBox,19.0,1835.0,4318851290,2026 printable 12 month calendar pdf download printable new year 2026 calendar planner page decorative wall calendar page 2026 downloadable,16.0,3.0,624.0,1 5 112 120 53 63 79 69 43 42 27 10,42 27 10,12,0.34,CLEAN,FADING,Productivity planner user,VAGUE,v1:planner
EVERBEE ESTIMATE — NOT ETSY TRANSACTION DATA,TheArtisanNouk,11.0,1577.0,4525961572,"2026 Mahjong Hand Tracker Printable, American Mahjong Scorecard, Mah Jongg Scoreboard, Game Night PDF Download",3.0,4.99,623.0,0 0 0 0 0 0 0 0 0 36 291 296,36 291 296,3,0.395,NEAR-CLEAN,ACTIVE,Productivity planner user,VAGUE,v1:tracker
EVERBEE ESTIMATE — NOT ETSY TRANSACTION DATA,DigitalCanvasPK,18.0,1965.0,4331414585,"3D Pixar-Style Portrait Gift | Custom Cartoon Portrait from Photo | Personalized Digital Artwork for Couples, Pets & Families Pixar-Inspired",14.0,7.99,621.0,30 49 292 140 20 0 0 2 8 40 20 20,40 20 20,10,0.316,CLEAN,FADING,Unassigned,VAGUE,v1:pet
EVERBEE ESTIMATE — NOT ETSY TRANSACTION DATA,StarwoodcreationsArt,14.0,2190.0,4427083248,Easy Crochet Baby Booties Pattern PDF | Quick & Easy Guide | Beginner Friendly | Newborn Shoes,10.0,3.14,615.0,0 0 0 0 30 91 172 97 75 75 45 30,75 45 30,8,0.281,CLEAN,ACTIVE,Crafter (patterns),DESIGN,v1:baby
EVERBEE ESTIMATE — NOT ETSY TRANSACTION DATA,TheDesignsCrown,11.0,1303.0,4462432839,"Classic Winnie the Pooh Clipart, Classic Friends, 60+ PNG Bundle, Baby Shower Birthday Decorations",7.0,3.1,615.0,0 0 0 0 0 0 87 141 144 89 110 44,89 110 44,6,0.472,NEAR-CLEAN,ACTIVE,IP / fan merch,DESIGN,v1:baby
EVERBEE ESTIMATE — NOT ETSY TRANSACTION DATA,TinyWispCo,13.0,4877.0,4472938771,"Little Baby Princess Clipart Bundle, 15 PNG Fairytale Girls, Storybook Princesses Clip Art, Kids Party, Nursery Decor, Commercial Use",7.0,6.0,613.0,0 0 0 0 0 39 134 89 79 62 113 97,62 113 97,7,0.126,NEAR-CLEAN,ACTIVE,Merch / decor / design assets (any buyer),DESIGN,v1:baby
EVERBEE ESTIMATE — NOT ETSY TRANSACTION DATA,CaliforniaEMB,15.0,5900.0,4470001852,"Teddy Bear Adventure Embroidery Design Bundle, Baby Boy Nursery Teddy Machine Embroidery File, Airplane Car Boat Balloon Bear Embroidery",7.0,8.0,612.0,0 0 0 0 0 48 46 119 160 48 100 91,48 100 91,7,0.104,NEAR-CLEAN,ACTIVE,Merch / decor / design assets (any buyer),DESIGN,v1:baby
EVERBEE ESTIMATE — NOT ETSY TRANSACTION DATA,dyasse,12.0,1733.0,4493666481,"Crochet Baby Clog Pattern, Structured Sage Green Shoes Tutorial (PDF Download)",6.0,5.03,611.0,0 0 0 0 0 0 16 170 189 138 74 24,138 74 24,6,0.353,NEAR-CLEAN,ACTIVE,Crafter (patterns),DESIGN,v1:baby
EVERBEE ESTIMATE — NOT ETSY TRANSACTION DATA,MyDailyNest,15.0,2250.0,4370383963,"Editable Doctor Excuse Note: Work/School Absence Form (Canva, Word, PDF)",13.0,2.3,610.0,26 50 85 106 38 57 65 88 19 19 38 19,19 38 19,12,0.271,CLEAN,FADING,Kids learning / party host,DESIGN,v1:forms
EVERBEE ESTIMATE — NOT ETSY TRANSACTION DATA,BossMeansBusiness,22.0,1090.0,4345399859,Weekly Planner Google sheets | ADHD Planner & Productivity Tracker | Digital download,13.0,11.34,609.0,37 53 42 12 0 54 76 69 101 69 66 30,69 66 30,11,0.559,CLEAN,ACTIVE,ADHD adult (excluded by brief),EXCLUDED_BY_BRIEF,v1:adhd;v1:planner;v1:tracker
EVERBEE ESTIMATE — NOT ETSY TRANSACTION DATA,DreamGirlPlan,20.0,3123.0,4378073051,"2026 Digital Planner, Weekly Planner, Goodnotes Planner, Ipad Planner, Minimalist Planner, Portrait Planner, Dated 2026 Planner",13.0,9.5,600.0,25 100 103 72 175 21 10 19 50 0 25 0,0 25 0,10,0.192,CLEAN,FADING,Productivity planner user,VAGUE,v1:planner
EVERBEE ESTIMATE — NOT ETSY TRANSACTION DATA,CozyNestKnitting,7.0,1964.0,4452619798,"400+ Baby Knitting Patterns Bundle | Newborn Clothes, Blankets, Booties | Digital Download",6.0,9.98,596.0,0 0 0 0 0 168 165 118 13 50 58 24,50 58 24,7,0.303,NEAR-CLEAN,ACTIVE,Crafter (patterns),DESIGN,v1:baby
EVERBEE ESTIMATE — NOT ETSY TRANSACTION DATA,TuyCaCreative,9.0,939.0,4451659602,Medical Lab Week Games Bundle | 12 Printable Activities (PDF Download),8.0,10.5,593.0,0 0 0 0 42 96 349 46 46 14 0 0,14 0 0,6,0.632,NEAR-CLEAN,FADING,Kids learning / party host,DESIGN,v1:medical
EVERBEE ESTIMATE — NOT ETSY TRANSACTION DATA,NexonDigitalCrafts,19.0,1326.0,1848794818,"Baby Winnie the Pooh Changeable SVG PNG Bundle, Pooh Bear Clipart, Baby Shower Sublimation Tigger, Eeyore, Piglet Kids,+1 Gift Custom Design",21.0,3.83,592.0,61 39 70 60 55 43 71 52 65 24 41 11,24 41 11,12,0.446,CLEAN,FADING,IP / fan merch,DESIGN,v1:baby
EVERBEE ESTIMATE — NOT ETSY TRANSACTION DATA,ByPrintifyWonders,18.0,3905.0,4318297218,Baby Stats Photo Frame SVG: Laser Cut Birth Announcement (Digital Download),15.0,2.2,588.0,34 59 73 43 108 37 44 95 28 9 30 28,9 30 28,12,0.151,CLEAN,FADING,Merch / decor / design assets (any buyer),DESIGN,v1:baby
EVERBEE ESTIMATE — NOT ETSY TRANSACTION DATA,PaperieHeaven,17.0,4249.0,4343079540,"Minimalist Wedding Sign Bundle, Editable Wedding Signs Bundle, Modern Wedding Signage Bundle, 100+ Wedding Reception Signs Canva Template",15.0,4.14,585.0,120 121 44 68 43 54 17 28 36 39 15 0,39 15 0,11,0.138,CLEAN,FADING,Wedding guest-facing decor,DESIGN,v1:wedding
EVERBEE ESTIMATE — NOT ETSY TRANSACTION DATA,PlanoraNotion,9.0,1661.0,4510903147,2026 All In One Life Planner Minimal Notion Dashboard Template Aesthetic Daily Personal Planner for ADHD Notion Template Digital Planner,5.0,19.7,583.0,0 0 0 0 0 0 0 0 27 239 73 244,239 73 244,4,0.351,NEAR-CLEAN,ACTIVE,ADHD adult (excluded by brief),EXCLUDED_BY_BRIEF,v1:adhd;v1:notion;v1:planner
EVERBEE ESTIMATE — NOT ETSY TRANSACTION DATA,EverlyMadeHaus,14.0,1768.0,4418276119,"Baby Boy Pregnancy Announcement: It’s a Boy Gender Reveal, Editable Little Brother Social Media Template(Digital Download)",10.0,4.0,579.0,0 0 8 82 146 142 61 60 4 50 16 10,50 16 10,10,0.327,CLEAN,FADING,Expecting / new parent,VAGUE,v1:baby
EVERBEE ESTIMATE — NOT ETSY TRANSACTION DATA,Embroidely,24.0,4398.0,4389954980,CUSTOM Embroidery DIGITIZING service Convert Image to PES File for Brother  or Baby Lock,12.0,3.95,578.0,3 86 0 132 57 29 59 46 30 43 68 25,43 68 25,11,0.131,CLEAN,ACTIVE,Merch / decor / design assets (any buyer),DESIGN,v1:baby
EVERBEE ESTIMATE — NOT ETSY TRANSACTION DATA,Looploompattern,14.0,5839.0,4410621864,Crochet Pattern Baby Basketball Sneakers | High Top Booties (PDF Download),11.0,6.5,576.0,0 0 16 68 105 145 46 90 22 56 28 0,56 28 0,9,0.099,CLEAN,FADING,Crafter (patterns),DESIGN,v1:baby
EVERBEE ESTIMATE — NOT ETSY TRANSACTION DATA,UnstoppablesCo,24.0,4016.0,1816660723,Ultimate Keto Food List - Low Carb Food Chart - Diet Tracker & Grocery Guide - Printable Meal and Groceries Planner - Instant Download,24.0,1.86,574.0,56 84 62 107 44 35 60 18 18 33 36 21,33 36 21,12,0.143,CLEAN,ACTIVE,Productivity planner user,VAGUE,v1:meal;v1:planner;v1:tracker
EVERBEE ESTIMATE — NOT ETSY TRANSACTION DATA,JoyvaStudio,16.0,7771.0,4490918641,Winnie Pooh Baby Shower Invitation Website with RSVP | Boy Baby Shower | Baby Shower Invitation Theme | Digital Download | Bear Baby shower,6.0,25.7,560.0,0 0 0 0 0 0 18 105 143 89 127 78,89 127 78,6,0.072,NEAR-CLEAN,ACTIVE,IP / fan merch,DESIGN,v1:baby
EVERBEE ESTIMATE — NOT ETSY TRANSACTION DATA,Thaonguyencrochet,13.0,2700.0,4350621110,Amigurumi Doctor Doll Crochet Pattern: Medical Student Gift (PDF Pattern),13.0,5.4,558.0,35 21 70 27 12 110 91 36 72 43 31 10,43 31 10,12,0.207,CLEAN,ACTIVE,Crafter (patterns),DESIGN,student;v1:medical
EVERBEE ESTIMATE — NOT ETSY TRANSACTION DATA,Dynamicleadership,16.0,6669.0,4504906803,"3000+ Mega Mug Wrap Bundle, 11oz & 15oz Mug Sublimation Designs, Teacher Mug, Photo Mug, Mama Mug, Coffee Mug, Cartoon Mug Wrap, Mug Bundle",5.0,3.2,557.0,0 0 0 0 0 0 0 17 109 116 151 164,116 151 164,5,0.084,NEAR-CLEAN,ACTIVE,Merch / decor / design assets (any buyer),DESIGN,v1:teacher
EVERBEE ESTIMATE — NOT ETSY TRANSACTION DATA,FiftyBestie,19.0,6525.0,4319964634,"Editable Us Passports for Kids, Printable Passport for Kid for Playing Travel and Learning,kids Boarding Pass, Stamps & Visas Canva Template",16.0,3.5,557.0,25 19 70 54 104 19 48 79 38 35 47 19,35 47 19,12,0.085,CLEAN,ACTIVE,Traveler,VAGUE,v1:travel
EVERBEE ESTIMATE — NOT ETSY TRANSACTION DATA,TreeDFiles,11.0,1399.0,4414911942,"Travel Chess Set & Checkers Board SVG | Laser Cut Box Files | Board Game Storage | 3mm, 1/8 inch Plywood | Glowforge CNC Router Files",11.0,7.99,556.0,0 0 90 66 96 86 80 30 42 38 18 10,38 18 10,10,0.397,CLEAN,FADING,Merch / decor / design assets (any buyer),DESIGN,v1:travel
EVERBEE ESTIMATE — NOT ETSY TRANSACTION DATA,CrochetmuseCreations,12.0,1850.0,4442721746,Baby Knitting Pattern PDF | Baby Cardigan | 3–24 Months  | Instant Download,9.0,3.0,553.0,0 0 0 0 3 136 115 160 47 42 27 23,42 27 23,8,0.299,CLEAN,ACTIVE,Crafter (patterns),DESIGN,v1:baby
EVERBEE ESTIMATE — NOT ETSY TRANSACTION DATA,rmdigitallab,10.0,1969.0,4442233485,"Baby Crochet Pattern Hat, Mittens, Booties Set (PDF), Free Bonus",9.0,7.8,550.0,0 0 0 0 25 65 42 110 44 134 64 66,134 64 66,8,0.279,CLEAN,ACTIVE,Crafter (patterns),DESIGN,v1:baby
EVERBEE ESTIMATE — NOT ETSY TRANSACTION DATA,UrbanArtisianCraft,20.0,7739.0,4424026947,"Inflated Nurse Tumbler Wrap PNG,3D Nursing Tumble Sublimation, 20oz Medical Coat, Syringe Heart Design",10.0,7.0,546.0,0 0 51 84 96 45 33 69 30 96 21 21,96 21 21,10,0.071,CLEAN,ACTIVE,Merch / decor / design assets (any buyer),DESIGN,nurse;nursing;v1:medical
EVERBEE ESTIMATE — NOT ETSY TRANSACTION DATA,TKOCrochet,22.0,1755.0,4370400165,Bubble Cat Baby Crochet Pattern: Amigurumi Tutorial (PDF Digital Download in English),13.0,6.0,546.0,46 32 86 58 30 14 42 56 42 36 62 42,36 62 42,12,0.311,CLEAN,ACTIVE,Crafter (patterns),DESIGN,v1:baby
EVERBEE ESTIMATE — NOT ETSY TRANSACTION DATA,StitchesByStat,24.0,7832.0,4337254005,"5 in 1 ULTIMATE Goku Amigurumi Crochet Pattern, 5 Forms, Flying Nimbus, Super Saiyan (PDF), English, Germany and Spanish",15.0,7.96,546.0,53 25 96 60 48 61 21 46 32 39 18 47,39 18 47,12,0.07,CLEAN,ACTIVE,Crafter (patterns),DESIGN,v1:forms
EVERBEE ESTIMATE — NOT ETSY TRANSACTION DATA,LittleStarDigitals,10.0,541.0,4429492216,Marquee Sign Template | Editable Digital Sign | Event / Wedding / Party Decor | Instant Download,10.0,2.99,546.0,0 0 0 6 124 96 34 14 86 69 61 56,69 61 56,9,1.009,CLEAN,ACTIVE,Wedding guest-facing decor,DESIGN,v1:wedding
EVERBEE ESTIMATE — NOT ETSY TRANSACTION DATA,ArtsyStudioLab,16.0,4558.0,4394018612,"Wedding Magazine Template, Wedding Welcome Magazine, 14 Pages Wedding Magazine, Printable Wedding Program, Wedding Booklet, DIY in Canva",12.0,3.99,546.0,0 0 26 78 92 168 26 26 126 4 0 0,4 0 0,8,0.12,CLEAN,FADING,Wedding guest-facing decor,DESIGN,v1:wedding
EVERBEE ESTIMATE — NOT ETSY TRANSACTION DATA,MirandaRileyPatterns,22.0,1271.0,1822452440,Aronia House Dress PDF Sewing Pattern | Intermediate Pattern | Nursing Friendly | Midi Dress | Maxi Dress,22.0,17.55,543.0,32 41 59 38 38 42 61 67 48 28 57 32,28 57 32,12,0.427,CLEAN,ACTIVE,Crafter (patterns),DESIGN,nurse;nursing
EVERBEE ESTIMATE — NOT ETSY TRANSACTION DATA,Artist3dCo,11.0,2398.0,4410742476,"WW2 500GB+ STL Bundle, 3D Print Files All 3D Printers, Tanks, Soldiers, Weapons, Planes & Military Vehicles, Mega Collection Lifetime Access",11.0,6.0,542.0,0 0 59 129 156 61 56 18 21 25 17 0,25 17 0,9,0.226,CLEAN,FADING,Merch / decor / design assets (any buyer),DESIGN,v1:vehicle
EVERBEE ESTIMATE — NOT ETSY TRANSACTION DATA,TheBinderGarden,14.0,712.0,4353012804,Pokémon Binder Placeholders PDF | Complete National Pokédex + Mega Evolutions | Straight Corners,14.0,3.96,541.0,175 129 102 72 30 11 0 0 11 0 0 11,0 0 11,8,0.76,CLEAN,FADING,IP / fan merch,DESIGN,v1:binder
EVERBEE ESTIMATE — NOT ETSY TRANSACTION DATA,TheMickeyMonkeyBotCo,24.0,1936.0,4334130901,Winnie the Pooh ABC First Word Book: Baby Shower Coloring Activity Guest Book (Instant Download),14.0,20.95,540.0,55 57 51 31 50 62 61 52 36 33 22 30,33 22 30,12,0.279,CLEAN,ACTIVE,IP / fan merch,DESIGN,v1:baby
EVERBEE ESTIMATE — NOT ETSY TRANSACTION DATA,JouyArt,15.0,4787.0,4405696806,"Kids Overalls Sewing Pattern – Baby & Toddler Romper (PDF Pattern, 1-18 Months)",10.0,7.0,540.0,0 0 0 0 0 25 75 60 68 154 118 40,154 118 40,7,0.113,NEAR-CLEAN,ACTIVE,Crafter (patterns),DESIGN,v1:baby
EVERBEE ESTIMATE — NOT ETSY TRANSACTION DATA,TheHollowAtelier,18.0,1690.0,4378762365,"Grandmillennial Botanicals | Watercolor Floral Clipart | Preppy Flowers, Coquette Aesthetic, Vintage Flowers, Floral Frames Wedding Invite",12.0,12.0,540.0,0 36 48 64 170 60 55 83 6 0 18 0,0 18 0,9,0.32,CLEAN,FADING,Merch / decor / design assets (any buyer),DESIGN,v1:wedding
EVERBEE ESTIMATE — NOT ETSY TRANSACTION DATA,SoftAuraDesignStudio,14.0,1193.0,4472980696,"Comfort Colors 1717 Mockup Bundle 80 Colors, CC1717 T-Shirt Mockup, Oversized Shirt Mockup, Lifestyle Mockup for Etsy & POD Sellers",7.0,9.15,537.0,0 0 0 0 0 52 92 73 63 93 94 70,93 94 70,7,0.45,NEAR-CLEAN,ACTIVE,Merch / decor / design assets (any buyer),DESIGN,seller
EVERBEE ESTIMATE — NOT ETSY TRANSACTION DATA,craftbymuniza,11.0,3641.0,4427243991,"Twin Dogs Crochet Sweater Pattern in Small, Medium, Large and XL Sizes | Pet Clothing PDF | Easy Step-by-Step Pattern | Beginner Friendly",9.0,3.5,537.0,0 0 0 10 202 76 94 54 30 14 14 43,14 14 43,9,0.147,CLEAN,FADING,Crafter (patterns),DESIGN,v1:pet
EVERBEE ESTIMATE — NOT ETSY TRANSACTION DATA,Shancreatedit,20.0,4120.0,4309126037,"Editable Business Newspaper Template: Grand Opening, Photoshoot (Digital Download)",17.0,3.5,534.0,15 33 45 65 53 67 80 63 33 36 22 22,36 22 22,12,0.13,CLEAN,FADING,Kids learning / party host,DESIGN,v1:business
EVERBEE ESTIMATE — NOT ETSY TRANSACTION DATA,CraftedFamilyArt,11.0,3811.0,4485231406,"Wedding Font,Ultimate font,Heart fonts,Handwritten font,Calligraphy Fonts,Script Font,Procreate Fonts,Whimsical Fonts,Digital Download",6.0,3.33,529.0,0 0 0 0 0 0 97 180 126 46 40 40,46 40 40,6,0.139,NEAR-CLEAN,ACTIVE,Merch / decor / design assets (any buyer),DESIGN,v1:wedding
EVERBEE ESTIMATE — NOT ETSY TRANSACTION DATA,hallebellestudio,8.0,1508.0,4461581141,Stained Glass Welcome Wedding Sign Digital Template,8.0,30.0,525.0,0 0 0 0 21 165 45 87 81 63 42 21,63 42 21,8,0.348,CLEAN,ACTIVE,Wedding guest-facing decor,DESIGN,v1:wedding
EVERBEE ESTIMATE — NOT ETSY TRANSACTION DATA,studioLovelyDay,13.0,3350.0,4426390572,"Instax Mini 12 Instructions Sign, Polaroid Guestbook, Photo Guestbook Sign, How to Load New Film, Wedding Guest Book, Canva Editable",10.0,4.15,525.0,0 0 0 54 9 21 105 63 24 150 63 36,150 63 36,9,0.157,CLEAN,ACTIVE,Wedding guest-facing decor,DESIGN,v1:wedding
EVERBEE ESTIMATE — NOT ETSY TRANSACTION DATA,FantaziaLab,7.0,4371.0,4479276541,"1000+ Best Lightroom Preset Bundle | Cinematic, Kodak Film, Fujfilm, Aesthetic, Travel, Lifestyle, Outdoor and More | Mobile & Desktop",7.0,22.0,522.0,0 0 0 0 0 1 11 64 162 98 89 97,98 89 97,7,0.119,NEAR-CLEAN,ACTIVE,Merch / decor / design assets (any buyer),DESIGN,v1:travel
EVERBEE ESTIMATE — NOT ETSY TRANSACTION DATA,SyedifyCreations,19.0,634.0,4403614447,Simple Printable Minimalist Invoice,11.0,1.32,521.0,0 0 0 84 52 43 100 83 55 28 56 20,28 56 20,9,0.822,CLEAN,ACTIVE,Unassigned,VAGUE,v1:invoice
EVERBEE ESTIMATE — NOT ETSY TRANSACTION DATA,LayersFlow,17.0,4676.0,4457596000,"Custom Playing Cards Canva Template, DIY Wedding Poker Cards & Box (Digital Download)",8.0,3.0,519.0,0 0 0 0 9 13 22 80 153 113 4 125,113 4 125,8,0.111,CLEAN,ACTIVE,Wedding guest-facing decor,DESIGN,v1:wedding
EVERBEE ESTIMATE — NOT ETSY TRANSACTION DATA,MoonWallArtStudio,20.0,1136.0,4329115360,Mixed Travel Poster Set | 1200+ Floral & Retro Prints | Gallery Wall Decor for Travel Lovers,15.0,19.1,517.0,59 82 89 94 60 36 16 12 6 13 33 17,13 33 17,12,0.455,CLEAN,FADING,Merch / decor / design assets (any buyer),DESIGN,v1:travel
EVERBEE ESTIMATE — NOT ETSY TRANSACTION DATA,SimplySheetDesign,20.0,811.0,1854773368,Budget Spreadsheet for Google Sheets & Excel | Monthly Budget Planner and Expense Tracker (Dark Theme),20.0,14.99,513.0,38 76 39 94 38 95 0 53 61 19 0 0,19 0 0,9,0.633,CLEAN,FADING,Household budgeter (#1-#7 live),LIVE_LL,v1:budget;v1:planner;v1:spreadsheet;v1:tracker
EVERBEE ESTIMATE — NOT ETSY TRANSACTION DATA,Jiyagraphics,17.0,3983.0,4341090524,"School Supplies Clipart Set: Teacher Graphics, Back to School (SVG & PNG) (Digital Download",14.0,3.99,512.0,114 37 48 54 0 8 77 68 51 0 45 10,0 45 10,10,0.129,CLEAN,FADING,Merch / decor / design assets (any buyer),DESIGN,v1:teacher
EVERBEE ESTIMATE — NOT ETSY TRANSACTION DATA,HappyCreationsbyKath,18.0,7025.0,4314212787,"Prayer Journal Bundle for KDP Interior Editable Template in Canva and Printable Journal, Bible Study Journal Prayer Digital Planner",16.0,4.0,510.0,86 28 59 17 38 38 76 2 55 0 57 54,0 57 54,11,0.073,CLEAN,ACTIVE,Student (general),VAGUE,v1:planner
EVERBEE ESTIMATE — NOT ETSY TRANSACTION DATA,LuckyMulberry,23.0,1546.0,4420309580,Low Income Savings Challenge Bundle | 12 Month A6 Cash Envelope Trackers,10.0,1.0,508.0,0 0 13 12 30 40 50 86 120 60 51 46,60 51 46,10,0.329,CLEAN,ACTIVE,Household budgeter (#1-#7 live),LIVE_LL,v1:tracker
EVERBEE ESTIMATE — NOT ETSY TRANSACTION DATA,reScrible,24.0,4878.0,1838632711,"Digital Cookbook Template, Meal Planner & Grocery List (GoodNotes, Notability)",22.0,5.98,500.0,34 26 60 120 0 22 58 60 28 26 46 20,26 46 20,11,0.103,CLEAN,ACTIVE,Productivity planner user,VAGUE,v1:meal;v1:planner
EVERBEE ESTIMATE — NOT ETSY TRANSACTION DATA,XartsyStudio,14.0,3393.0,4353302614,"Hand Drawn Wedding Invitation, Whimsical Gatefold, DIY Template (Canva)",14.0,4.22,495.0,0 62 63 178 72 42 18 30 15 0 15 0,0 15 0,9,0.146,CLEAN,FADING,Wedding guest-facing decor,DESIGN,v1:wedding
EVERBEE ESTIMATE — NOT ETSY TRANSACTION DATA,BrandWiseCreative,11.0,1151.0,4400113345,"1200+ WordPress Elementor Templates Bundle | Website Design Kit for Business, Portfolio, Blog & Ecommerce",10.0,4.12,490.0,0 0 40 96 144 84 56 28 28 0 4 10,0 4 10,9,0.426,CLEAN,FADING,Kids learning / party host,DESIGN,v1:business
EVERBEE ESTIMATE — NOT ETSY TRANSACTION DATA,VintageLambPatterns,18.0,3513.0,4344163014,Horse Sewing Pattern PDF: Vintage-Inspired Plush Toy (Beginner Friendly),15.0,10.0,489.0,33 22 94 41 53 66 1 41 42 27 43 26,27 43 26,12,0.139,CLEAN,ACTIVE,Crafter (patterns),DESIGN,horse
EVERBEE ESTIMATE — NOT ETSY TRANSACTION DATA,VallysCreativeSpace,19.0,5301.0,4309309820,Editable Wedding Bar Menu Sign Template | His and Hers Signature Drinks + Full Bar List | Cocktail Menu | Canva Editable Sign #sgtr,17.0,16.0,486.0,72 105 60 17 22 45 57 18 2 43 30 15,43 30 15,12,0.092,CLEAN,ACTIVE,Wedding guest-facing decor,DESIGN,v1:wedding
EVERBEE ESTIMATE — NOT ETSY TRANSACTION DATA,NidoDigitaleItalia,22.0,4991.0,4420782471,"Wedding calligraphy, cursive, and handwritten fonts for invitations, crafting, and Canva.",10.0,3.32,486.0,0 0 20 100 114 90 24 48 0 18 72 0,18 72 0,8,0.097,CLEAN,ACTIVE,Merch / decor / design assets (any buyer),DESIGN,v1:wedding
EVERBEE ESTIMATE — NOT ETSY TRANSACTION DATA,SelfCareSheets,15.0,2218.0,4331026643,Mental Health Diagnosis Notes | DSM-5 TR Study Guide | lCSW Study Guide | Psychiatric Nursing | Mental Health Disorders | PDF,14.0,19.9,483.0,42 159 51 0 21 0 45 87 36 30 12 0,30 12 0,9,0.218,CLEAN,FADING,Therapist / BCBA / counselor (excluded: Dept #2 clinical path),EXCLUDED_BY_BRIEF,nurse;nursing
EVERBEE ESTIMATE — NOT ETSY TRANSACTION DATA,Poohbeardigs,10.0,3198.0,4429547604,Nurse Life Embroidery Design | Nurse Icons Machine Embroidery File | Cute Nurse Sweatshirt Embroidery | Nurse Gift PES DST,10.0,3.99,482.0,0 0 8 100 93 28 133 40 11 29 0 40,29 0 40,9,0.151,CLEAN,FADING,Merch / decor / design assets (any buyer),DESIGN,nurse;nursing
EVERBEE ESTIMATE — NOT ETSY TRANSACTION DATA,VectorWavesDesign,12.0,4376.0,4498173480,"Disposable Camera Wrap Canva Template Editable, Retro Film Camera Label Design, DIY Wedding, Bridal Shower & Party Camera Wrap",5.0,3.32,480.0,0 0 0 0 0 0 0 0 60 60 286 74,60 286 74,4,0.11,NEAR-CLEAN,ACTIVE,Wedding guest-facing decor,DESIGN,v1:wedding
EVERBEE ESTIMATE — NOT ETSY TRANSACTION DATA,BaileysWonderland,12.0,588.0,4424561599,ADHD EDITABLE digital cleaning schedule checklist,10.0,2.99,474.0,0 0 1 6 10 16 56 125 46 75 81 58,75 81 58,10,0.806,CLEAN,ACTIVE,ADHD adult (excluded by brief),EXCLUDED_BY_BRIEF,v1:adhd;v1:checklist;v1:cleaning
EVERBEE ESTIMATE — NOT ETSY TRANSACTION DATA,DuoCoreRich,10.0,963.0,4432828887,Duolingo Super / Language Planner PDF +Support for personal learning( Upgrade to Super),10.0,13.0,474.0,0 0 0 12 25 84 84 54 60 90 57 8,90 57 8,9,0.492,CLEAN,ACTIVE,Productivity planner user,VAGUE,v1:planner
EVERBEE ESTIMATE — NOT ETSY TRANSACTION DATA,Digitallymadeyoursco,14.0,6138.0,4536343514,"Editable Composition Notebook Cover Templates, Back to School Mega Bundle, Canva Notebook Covers, Printable School Binder Covers",3.0,5.85,466.0,0 0 0 0 0 0 0 0 0 272 161 33,272 161 33,3,0.076,NEAR-CLEAN,ACTIVE,Kids learning / party host,DESIGN,v1:binder
EVERBEE ESTIMATE — NOT ETSY TRANSACTION DATA,Clarvia,16.0,2502.0,4330994781,"Home Health Caregiver Log Sheet | Daily Care Report, Caregiver Checklist, Timecard & Task Tracker | Printable Elder Care Record Template",14.0,2.95,460.0,38 40 60 46 23 69 23 58 34 23 0 46,23 0 46,11,0.184,CLEAN,ACTIVE,Caregiver (#11/#16 adjacent),LIVE_LL,v1:checklist;v1:log;v1:tracker
EVERBEE ESTIMATE — NOT ETSY TRANSACTION DATA,OryazDesigns,17.0,2242.0,4346723755,"Envelope Liner Template Editable Canva Photo Inner-Liners for Wedding Invitations, 8 Sizes",14.0,4.0,453.0,35 0 15 22 53 90 109 10 74 45 0 0,45 0 0,9,0.202,CLEAN,FADING,Wedding guest-facing decor,DESIGN,v1:wedding
EVERBEE ESTIMATE — NOT ETSY TRANSACTION DATA,PointlessPaper,21.0,1315.0,1873297229,National Pokedex Printable Binder Placeholders (Style 1) + Checklist,20.0,5.24,451.0,56 9 54 30 22 51 96 38 45 10 32 8,10 32 8,12,0.343,CLEAN,FADING,IP / fan merch,DESIGN,v1:binder;v1:checklist
EVERBEE ESTIMATE — NOT ETSY TRANSACTION DATA,CarleysBoutiqueCo,6.0,1230.0,4524753596,"Senior Year Bucket List Banner Template, Class of 2027, Customizable Checklist (Digital Download)",4.0,5.5,444.0,0 0 0 0 0 0 0 0 0 31 317 96,31 317 96,3,0.361,NEAR-CLEAN,ACTIVE,Kids learning / party host,DESIGN,v1:checklist
EVERBEE ESTIMATE — NOT ETSY TRANSACTION DATA,HeyElleBudgetMeals,18.0,1944.0,1880477648,Busy Weeknights 15 Minute Meals - Easy Dinners Budget Meal Plan,18.0,8.5,442.0,0 32 38 121 69 78 52 26 0 26 0 0,26 0 0,8,0.227,CLEAN,FADING,Household budgeter (#1-#7 live),LIVE_LL,v1:budget;v1:business;v1:meal
EVERBEE ESTIMATE — NOT ETSY TRANSACTION DATA,AfterADeath,22.0,1801.0,1851881261,"After Death Spreadsheet – Executor checklist, estate accounts, assets & debts, prepare for probate (Excel)",21.0,18.24,441.0,40 60 60 0 31 70 80 8 12 22 46 12,22 46 12,11,0.245,CLEAN,ACTIVE,Household budgeter (#1-#7 live),LIVE_LL,v1:checklist;v1:spreadsheet
EVERBEE ESTIMATE — NOT ETSY TRANSACTION DATA,TemplateTrack,14.0,1014.0,4363643929,Reseller Spreadsheet Google Sheets Manage Inventory Sales Profit Tracker for eBay Vinted Depop Small Business Template Online Seller Tool UK,13.0,8.79,438.0,21 32 19 92 73 79 31 30 18 16 6 21,16 6 21,12,0.432,CLEAN,FADING,Online reseller (#14 live),LIVE_LL,seller;v1:business;v1:inventory;v1:spreadsheet;v1:tracker
EVERBEE ESTIMATE — NOT ETSY TRANSACTION DATA,TheShopOfPatterns,9.0,1886.0,4474763749,"Easy Crochet Dog Sweater Pattern, Beginner Pet Clothes (PDF Download)",6.0,5.0,437.0,0 0 0 0 0 0 0 68 123 102 118 26,102 118 26,5,0.232,NEAR-CLEAN,ACTIVE,Crafter (patterns),DESIGN,v1:pet
EVERBEE ESTIMATE — NOT ETSY TRANSACTION DATA,SecretShelfAU,19.0,2945.0,1889959275,Floral Wreath SVG Bundle: Wedding Circle Frame (Digital Download),19.0,2.08,432.0,126 51 57 72 12 42 4 32 0 22 14 0,22 14 0,10,0.147,CLEAN,FADING,Merch / decor / design assets (any buyer),DESIGN,v1:wedding
EVERBEE ESTIMATE — NOT ETSY TRANSACTION DATA,DaniArtistStore,18.0,974.0,4305859526,Decorative Frame SVG | Rectangle Frame Svg | Floral Border Svg | Vintage Frames Svg | Victorian Frame Svg | Ornaments Svg | Wedding Frame,17.0,3.0,429.0,34 35 52 43 52 35 26 31 44 24 42 11,24 42 11,12,0.44,CLEAN,ACTIVE,Merch / decor / design assets (any buyer),DESIGN,v1:wedding
EVERBEE ESTIMATE — NOT ETSY TRANSACTION DATA,InvitedByAlilou,17.0,1421.0,4315718854,Photo QR Code Sign for Weddings | Printable Guest Wedding Photo Upload Sign | Doodle Whimsical Line Art | Digital Download Editable Template,15.0,2.65,426.0,66 64 77 26 25 12 47 18 13 28 50 0,28 50 0,11,0.3,CLEAN,ACTIVE,Wedding guest-facing decor,DESIGN,v1:wedding
EVERBEE ESTIMATE — NOT ETSY TRANSACTION DATA,ProsLab,23.0,1589.0,4338300343,"Non-Medical Home Care Client Assessment Forms, Editable PDF & Word Templates (27 Pages)",15.0,9.95,420.0,6 30 24 24 54 30 64 50 18 42 74 4,42 74 4,12,0.264,CLEAN,ACTIVE,Kids learning / party host,DESIGN,v1:client;v1:forms;v1:medical
EVERBEE ESTIMATE — NOT ETSY TRANSACTION DATA,VluongCrafts,10.0,7173.0,4500877475,"3D Dog Key Holder Laser Cut SVG Bundle, Layered Wood Pet Leash Hanger, Petlover Glowforge Design",5.0,8.47,420.0,0 0 0 0 0 0 0 120 156 32 56 56,32 56 56,5,0.059,NEAR-CLEAN,ACTIVE,Merch / decor / design assets (any buyer),DESIGN,v1:pet
EVERBEE ESTIMATE — NOT ETSY TRANSACTION DATA,RasberryCookies,23.0,1860.0,4363497073,"Floral Wreath SVG Bundle: Wedding Circle Frame, Vector Design (Digital File)",13.0,3.98,420.0,0 21 21 21 42 42 21 63 66 60 63 0,60 63 0,10,0.226,CLEAN,ACTIVE,Merch / decor / design assets (any buyer),DESIGN,v1:wedding
EVERBEE ESTIMATE — NOT ETSY TRANSACTION DATA,CrochetPatternbyIgor,13.0,493.0,4383444102,Crochet Horse Pattern | Amigurumi Plush Horse | Cute Stuffed Animal | Pony Crochet | PDF Pattern Tutorial,12.0,6.87,419.0,89 152 66 14 28 42 0 0 14 14 0 0,14 0 0,8,0.85,CLEAN,FADING,Crafter (patterns),DESIGN,horse
EVERBEE ESTIMATE — NOT ETSY TRANSACTION DATA,CreativeDownloadDepo,15.0,1133.0,4380417249,"100X Canva Frame Mockup Templates, Editable Wall Art Mockups, Boho Canvas Mockup Bundle, Digital Download for Artists & Sellers",12.0,3.09,412.0,0 24 45 66 26 79 66 61 14 17 0 14,17 0 14,10,0.364,CLEAN,FADING,Merch / decor / design assets (any buyer),DESIGN,seller
EVERBEE ESTIMATE — NOT ETSY TRANSACTION DATA,ArtByVelora,12.0,438.0,4400414578,Vehicle Bill of Sale Form | Editable Auto Car & Motor Transfer Contract Agreement | Printable Contract Template Word | Google Docs | PDF,11.0,2.92,405.0,0 0 0 7 20 27 15 66 54 54 34 128,54 34 128,9,0.925,CLEAN,ACTIVE,Kids learning / party host,DESIGN,v1:contract;v1:forms;v1:vehicle
EVERBEE ESTIMATE — NOT ETSY TRANSACTION DATA,PixelClubLovers,21.0,768.0,4348055291,"Whimsical Wedding Clipart Bundle – PNG SVG Hand Drawn Doodles for Save the Date, Bridal Shower & Party Decor",14.0,5.09,403.0,13 13 7 44 28 36 15 50 88 57 22 30,57 22 30,12,0.525,CLEAN,ACTIVE,Merch / decor / design assets (any buyer),DESIGN,v1:wedding
EVERBEE ESTIMATE — NOT ETSY TRANSACTION DATA,MuStudioMockups,16.0,3039.0,4328794662,"Unframed Vertical Poster Mockup with Editable Background Color: Simple A4 Page Mockup for Printables, Planners, and Wall Art. PSD Download.",15.0,3.89,401.0,5 16 13 33 35 48 55 33 48 53 35 27,53 35 27,12,0.132,CLEAN,ACTIVE,Merch / decor / design assets (any buyer),DESIGN,v1:planner
EVERBEE ESTIMATE — NOT ETSY TRANSACTION DATA,myweddingprintable,22.0,1571.0,1856285913,"Modern Wedding Menu Template, Digital Wedding Menu Card, Custom Wedding Dinner Menu Template, Canva Wedding Menu Template Digital Download",21.0,6.45,401.0,59 56 12 14 13 0 36 69 26 44 34 38,44 34 38,11,0.255,CLEAN,ACTIVE,Wedding guest-facing decor,DESIGN,v1:wedding
EVERBEE ESTIMATE — NOT ETSY TRANSACTION DATA,Showmethemahj,20.0,1710.0,4483673211,"2026 Easy Mahjong Beginner Card,  Mahjong 101 (Instant Download), Year of the Fire Horse Card",6.0,5.0,398.0,0 0 0 0 0 0 111 145 47 25 34 36,25 34 36,6,0.233,NEAR-CLEAN,ACTIVE,Kids learning / party host,DESIGN,horse
EVERBEE ESTIMATE — NOT ETSY TRANSACTION DATA,NancySamStudios,5.0,1237.0,4507699488,"These Kids Are Getting Married, Wedding Welcome Sign Template (Editable Canva)",4.0,9.0,398.0,0 0 0 0 0 0 0 0 2 154 152 90,154 152 90,4,0.322,NEAR-CLEAN,ACTIVE,Wedding guest-facing decor,DESIGN,v1:wedding
EVERBEE ESTIMATE — NOT ETSY TRANSACTION DATA,TwoCatsCards,9.0,2461.0,4438401943,"Fossil Binder Inserts Printable PDF | 8-Page Fossil Field Guide, 32 Cards | Instant Digital Download",9.0,7.0,397.0,0 0 0 34 17 73 15 51 49 82 55 21,82 55 21,9,0.161,CLEAN,ACTIVE,Kids learning / party host,DESIGN,v1:binder
EVERBEE ESTIMATE — NOT ETSY TRANSACTION DATA,habitualsheets,12.0,1460.0,4447507079,"2026 Monthly Budget Planner Printable, Simple Finance Tracker PDF (A4, US Letter PDF)",8.0,1.97,396.0,0 0 0 0 0 0 14 60 52 72 123 75,72 123 75,6,0.271,NEAR-CLEAN,ACTIVE,Household budgeter (#1-#7 live),LIVE_LL,v1:budget;v1:planner;v1:tracker
EVERBEE ESTIMATE — NOT ETSY TRANSACTION DATA,GardeniaCreativeShop,23.0,1987.0,4453126307,"Editable LABEL BUNDLE Home Bakery Business, Cottage Food Sticker, Sourdough Bread Box, Cookie Bag, QR Code, Ingredients, Canva Template 001",8.0,12.45,396.0,0 0 0 0 0 18 54 28 110 46 106 34,46 106 34,7,0.199,NEAR-CLEAN,ACTIVE,Merch / decor / design assets (any buyer),DESIGN,v1:business
EVERBEE ESTIMATE — NOT ETSY TRANSACTION DATA,FrankiesStitchesLLC,21.0,2028.0,4354599057,My Pet Goblin Crochet Pattern: 3-in-1 Goblin Personalities (Digital Download) Whimsical Work Friend,14.0,5.5,390.0,14 0 14 14 0 3 79 28 84 70 56 28,70 56 28,10,0.192,CLEAN,ACTIVE,Crafter (patterns),DESIGN,v1:pet
EVERBEE ESTIMATE — NOT ETSY TRANSACTION DATA,PaperPantryCompany,18.0,2720.0,4332505593,The Very Hungry Caterpillar Image Bundle / Clipart Story Book / Sticker Birthday Party / Teacher School Classroom / Instant Download,14.0,3.91,390.0,66 51 17 51 17 34 69 45 12 28 0 0,28 0 0,10,0.143,CLEAN,FADING,Merch / decor / design assets (any buyer),DESIGN,v1:teacher
EVERBEE ESTIMATE — NOT ETSY TRANSACTION DATA,KVFlorida,12.0,7751.0,4495417629,"Mega Embroidery Font Set 25 Designs, Modern Script and Monogram Bundle, Boutique Name Alphabet BX, Nursery and Wedding Embroidery Font Pack",6.0,22.0,390.0,0 0 0 0 0 0 0 204 82 40 38 26,40 38 26,5,0.05,NEAR-CLEAN,ACTIVE,Merch / decor / design assets (any buyer),DESIGN,v1:wedding
EVERBEE ESTIMATE — NOT ETSY TRANSACTION DATA,TheFastAesthetics,14.0,415.0,4320542040,Coquette Pink Digital Planner Undated Dated 2026 (Digital Download),15.0,7.26,389.0,31 27 14 22 50 44 91 36 39 17 14 4,17 14 4,12,0.937,CLEAN,FADING,Productivity planner user,VAGUE,v1:planner
EVERBEE ESTIMATE — NOT ETSY TRANSACTION DATA,keelycprints,21.0,2257.0,1853485618,Custom Pet Locket Print,20.0,15.0,388.0,15 41 163 80 20 24 10 5 8 12 5 5,12 5 5,12,0.172,CLEAN,FADING,Unassigned,VAGUE,v1:pet
EVERBEE ESTIMATE — NOT ETSY TRANSACTION DATA,ZenDigitalAisle,16.0,595.0,4328141620,"Simple Digital Wedding Invitation Template, Editable Modern Canva Design, Clickable RSVP Form, Countdown Timer, Instant Invite Download",16.0,6.87,387.0,64 56 56 85 58 18 8 28 0 14 0 0,14 0 0,9,0.65,CLEAN,FADING,Wedding guest-facing decor,DESIGN,v1:forms;v1:wedding
EVERBEE ESTIMATE — NOT ETSY TRANSACTION DATA,PickleandParchment,19.0,881.0,4314011065,Personal Library Tracker: Google Sheets Template for Book Lovers (Digital Download),16.0,3.99,387.0,58 62 61 61 46 10 0 9 36 11 11 22,11 11 22,11,0.439,CLEAN,FADING,Productivity planner user,VAGUE,v1:tracker
EVERBEE ESTIMATE — NOT ETSY TRANSACTION DATA,UnspirationalLiving,16.0,2247.0,4458089275,Custom Bathroom Pet Portrait Set of 4 - Funny Pet Wall Art Prints - Your Real Pet Digital Download,8.0,31.24,384.0,0 0 0 0 20 32 71 46 55 68 68 24,68 68 24,8,0.171,CLEAN,ACTIVE,Merch / decor / design assets (any buyer),DESIGN,v1:pet
EVERBEE ESTIMATE — NOT ETSY TRANSACTION DATA,Pnges,12.0,2366.0,4388793781,"2700 Invitation Card Mockups: Wedding, Birthday, and Greeting Card Templates (JPEG Digital Download)",11.0,4.5,383.0,0 1 80 46 45 61 42 23 35 25 17 8,25 17 8,11,0.162,CLEAN,FADING,Merch / decor / design assets (any buyer),DESIGN,v1:wedding
EVERBEE ESTIMATE — NOT ETSY TRANSACTION DATA,PrintablesByVlctor,21.0,2972.0,4350173980,"Diabetic Food Chart, Diabetic Food List, Diabetic Meal Plan, Diabetes Food Guide, Gestational Diabetes Meal Plan, Pre Diabetes Diet",14.0,3.99,381.0,0 0 67 51 110 38 77 0 16 3 0 19,3 0 19,8,0.128,CLEAN,FADING,Unassigned,VAGUE,v1:meal
EVERBEE ESTIMATE — NOT ETSY TRANSACTION DATA,NeurodivergentHQ,10.0,558.0,4440940588,Start Anytime ADHD Workbook | Undated Goal Setting | Fillable A4 PDF,8.0,15.0,379.0,0 0 0 0 2 128 26 70 93 6 14 40,6 14 40,8,0.679,CLEAN,ACTIVE,ADHD adult (excluded by brief),EXCLUDED_BY_BRIEF,v1:adhd
EVERBEE ESTIMATE — NOT ETSY TRANSACTION DATA,toplifeplanners,24.0,1412.0,4332058462,"1300+ Printable Planner Pages Bundle, Daily, Weekly, Monthly Personal Templates, A4, A5",15.0,59.8,378.0,9 54 33 72 2 25 45 37 46 12 26 17,12 26 17,12,0.268,CLEAN,FADING,Productivity planner user,VAGUE,v1:planner
EVERBEE ESTIMATE — NOT ETSY TRANSACTION DATA,BumzyCreates,7.0,1524.0,4476952433,Flower Articulated Dragon STL | Flexi 3D Printed Dragon | Cute Floral Dragon Gifts | Floral Dragon 3MF File | 3D Printing Desk Pet,7.0,7.9,377.0,0 0 0 0 0 0 72 74 33 76 72 50,76 72 50,6,0.247,NEAR-CLEAN,ACTIVE,Merch / decor / design assets (any buyer),DESIGN,v1:pet
EVERBEE ESTIMATE — NOT ETSY TRANSACTION DATA,BeebsDigitalCreation,21.0,6011.0,4344826776,"Classic Cocktails Svg Png Bundle, Hand Drawn Cocktail Illustrations, Shot Glass Svg, Wedding Cocktails Png, Drink Svg, Alcohol For Cricut",14.0,3.99,375.0,0 38 64 18 42 65 43 23 47 5 30 0,5 30 0,10,0.062,CLEAN,FADING,Merch / decor / design assets (any buyer),DESIGN,v1:wedding
EVERBEE ESTIMATE — NOT ETSY TRANSACTION DATA,Craftoking365,12.0,463.0,4445068257,"ADHD Mega Planner Bundle, 300+ Pages, Productivity Journal (Printable PDF)",9.0,1.99,371.0,0 0 0 1 18 41 64 91 46 33 44 33,33 44 33,9,0.801,CLEAN,ACTIVE,ADHD adult (excluded by brief),EXCLUDED_BY_BRIEF,v1:adhd
EVERBEE ESTIMATE — NOT ETSY TRANSACTION DATA,MonkeyCraftse,19.0,2938.0,4392673782,"World War 2 STL Bundle | 3D Print Files for All 3D Printers | Tanks, Soldiers, Planes, Ships, Weapons, Vehicles, Dioramas & More",12.0,28.0,369.0,7 17 45 47 84 17 44 21 34 19 34 0,19 34 0,11,0.126,CLEAN,FADING,Merch / decor / design assets (any buyer),DESIGN,v1:vehicle
EVERBEE ESTIMATE — NOT ETSY TRANSACTION DATA,ZeeDigitalNest,19.0,3750.0,4341543543,"Ultimate Excel Template Bundle: 12,500+ Excel Templates, Spreadsheets & Dashboards for Business, Budgeting, CRM and More | Instant Download",15.0,20.0,367.0,68 54 41 68 73 15 26 11 7 4 0 0,4 0 0,10,0.098,CLEAN,FADING,Household budgeter (#1-#7 live),LIVE_LL,v1:budget;v1:business;v1:spreadsheet
EVERBEE ESTIMATE — NOT ETSY TRANSACTION DATA,BeBalancedEditables,12.0,2991.0,4410304215,"Diabetic Eating Starter Kit, Diabetic Diet Planner, Diabetic Food List, Diabetes Food Chart, Low Glycemic Guide, Type 2 Diabetes Meal Plan",11.0,17.49,365.0,0 0 11 55 28 48 42 26 22 25 58 50,25 58 50,10,0.122,CLEAN,ACTIVE,Productivity planner user,VAGUE,v1:meal
EVERBEE ESTIMATE — NOT ETSY TRANSACTION DATA,BellezaDesignMart,19.0,3122.0,4429077225,Emergency Funds Savings Challenge 2027 Savings Challenge Save 3000 A5 Savings Inserts Cash Stuffing Binder Tracker Cash Tracker Printable,9.0,2.99,356.0,0 0 0 23 99 78 51 57 18 9 0 21,9 0 21,8,0.114,CLEAN,FADING,Household budgeter (#1-#7 live),LIVE_LL,v1:binder;v1:tracker
EVERBEE ESTIMATE — NOT ETSY TRANSACTION DATA,TheCozyOwlCottage1,17.0,735.0,4353946376,"Diabetic Food List Printable – Diabetes Meal Planning Chart, Low Carb High Fiber Foods, Prediabetes - Gestational Diabetes Diet Guide",14.0,5.97,355.0,27 21 40 65 25 38 47 31 27 17 16 1,17 16 1,12,0.483,CLEAN,FADING,Unassigned,VAGUE,v1:meal
EVERBEE ESTIMATE — NOT ETSY TRANSACTION DATA,HoneyCloudTemplates,10.0,1471.0,4541549051,"Ivory Monogram Wedding Website Template with Reveal Envelope, RSVP, Music and Countdown Timer: DIY Canva Template (Digital Download)",3.0,35.0,354.0,0 0 0 0 0 0 0 0 0 19 121 214,19 121 214,3,0.241,NEAR-CLEAN,ACTIVE,Merch / decor / design assets (any buyer),DESIGN,v1:wedding
EVERBEE ESTIMATE — NOT ETSY TRANSACTION DATA,MoonbeamLane,20.0,6029.0,4534736656,"Good Weather Ritual - Favorable Conditions & Sunny Energy Alignment - Outdoor Event, Travel Support (Photo Proof)",3.0,19.54,353.0,0 0 0 0 0 0 0 0 0 20 22 311,20 22 311,3,0.059,NEAR-CLEAN,ACTIVE,Traveler,VAGUE,v1:travel
EVERBEE ESTIMATE — NOT ETSY TRANSACTION DATA,PriceDesignCoGoods,24.0,1058.0,1848162313,Canva Photo Table Numbers: 5x7 Wedding Template (Digital Download),22.0,8.0,353.0,78 20 22 34 22 33 31 26 20 22 45 0,22 45 0,11,0.334,CLEAN,ACTIVE,Wedding guest-facing decor,DESIGN,v1:wedding
EVERBEE ESTIMATE — NOT ETSY TRANSACTION DATA,SweetPixiePrints,15.0,927.0,4362891310,"Editable Baby Shower Invitation Template Teddy Bear We Can Bearly Wait Theme for Boy, Digital Invite with Online RSVP Tracker MBRSVP3",12.0,12.75,352.0,9 35 28 104 35 27 57 13 38 6 0 0,6 0 0,10,0.38,CLEAN,FADING,Wedding guest-facing decor,DESIGN,v1:tracker
EVERBEE ESTIMATE — NOT ETSY TRANSACTION DATA,FNDROBE,17.0,2058.0,4471979732,"ADHD/ Neurodivergent Daily Routine Chart For Kids & Toddler, Printable Morning Evening Bedtime Daily Visual Schedule, Homeschool Schedule",7.0,2.99,348.0,0 0 0 0 0 10 62 107 43 31 64 31,31 64 31,7,0.169,NEAR-CLEAN,ACTIVE,ADHD adult (excluded by brief),EXCLUDED_BY_BRIEF,v1:adhd;v1:homeschool
EVERBEE ESTIMATE — NOT ETSY TRANSACTION DATA,NeutralNestDesignCo,8.0,1300.0,4517627143,Children’s Wedding Activity Book | 70 Printable Kids Wedding Games Colouring Puzzles | Wedding Favour Children | Wedding Table Activities,3.0,2.2,348.0,0 0 0 0 0 0 0 0 0 36 159 153,36 159 153,3,0.268,NEAR-CLEAN,ACTIVE,Wedding guest-facing decor,DESIGN,v1:wedding
EVERBEE ESTIMATE — NOT ETSY TRANSACTION DATA,RarestudioCrafts,16.0,5906.0,4342903639,"Watercolor Wedding Flowers Clipart | 477 Floral PNGs, DIY Crafts",15.0,5.0,346.0,62 65 11 24 42 22 3 31 10 25 40 11,25 40 11,12,0.059,CLEAN,ACTIVE,Merch / decor / design assets (any buyer),DESIGN,v1:wedding
EVERBEE ESTIMATE — NOT ETSY TRANSACTION DATA,Pixoraprintstudio,6.0,5569.0,4492207778,"Hand Sanitizer Label Template Canva Editable, Mini Sanitizer Sticker, Product Label Template, Small Business Packaging, Party Favor Label",5.0,3.5,344.0,0 0 0 0 0 0 0 3 23 35 225 58,35 225 58,5,0.062,NEAR-CLEAN,ACTIVE,Merch / decor / design assets (any buyer),DESIGN,v1:business
EVERBEE ESTIMATE — NOT ETSY TRANSACTION DATA,Digimaniacs,19.0,887.0,4314271323,"63 National Parks Vintage Poster Bundle, US Parks Wall Art, Retro Printable Travel Decor, Digital Download, Adventure Gift",16.0,22.82,344.0,32 66 32 22 33 27 26 10 12 28 24 32,28 24 32,12,0.388,CLEAN,ACTIVE,Merch / decor / design assets (any buyer),DESIGN,v1:travel
EVERBEE ESTIMATE — NOT ETSY TRANSACTION DATA,RemnantBrush,19.0,2009.0,1891841657,Whimsical Frog Traveler | Vintage PRINTABLE Cottagecore Animal Art Moody Nature Wall Decor Funny Art Print Digital Download Artwork,19.0,7.8,344.0,42 78 28 28 4 24 0 36 66 38 0 0,38 0 0,9,0.171,CLEAN,FADING,Traveler,VAGUE,v1:travel
EVERBEE ESTIMATE — NOT ETSY TRANSACTION DATA,LuxyNotes,14.0,1612.0,4385262164,"Anatomy Stickers, Human Body Systems, Digital Medical Stickers for GoodNotes & Notability",11.0,7.99,342.0,0 0 36 36 18 45 47 70 40 14 24 12,14 24 12,10,0.212,CLEAN,FADING,Merch / decor / design assets (any buyer),DESIGN,v1:medical
EVERBEE ESTIMATE — NOT ETSY TRANSACTION DATA,UniqueVectorsShop,18.0,3730.0,4305001312,"Heart Script Font, Script Font, Font with Hearts ttf Font with Tails, Heart Font, Wedding Font, Cursive Font, Font for Cricut, Script Font",16.0,3.0,342.0,38 70 7 15 0 0 15 42 18 50 61 26,50 61 26,10,0.092,CLEAN,ACTIVE,Merch / decor / design assets (any buyer),DESIGN,v1:wedding
EVERBEE ESTIMATE — NOT ETSY TRANSACTION DATA,DisegnoBianco,16.0,2882.0,4428514195,Deep Blue Instagram Templates Canva | Blueberry Branding Kit for Small Business | Social Media Content Pack,10.0,13.5,341.0,0 0 0 20 60 74 98 46 23 0 0 20,0 0 20,7,0.118,NEAR-CLEAN,FADING,Kids learning / party host,DESIGN,v1:business
EVERBEE ESTIMATE — NOT ETSY TRANSACTION DATA,EleventhEdit,13.0,1881.0,4373071588,Whimsical Fields Wedding Website: Customizable Canva Template (Digital Download),10.0,12.55,341.0,26 26 88 60 23 27 27 26 12 13 13 0,13 13 0,11,0.181,CLEAN,FADING,Wedding guest-facing decor,DESIGN,v1:wedding
EVERBEE ESTIMATE — NOT ETSY TRANSACTION DATA,ElegantCreativeGoods,20.0,2371.0,4302665779,"Morning Routine Checklist, Bedtime Routine Kids, Printable Responsibility Chart, Visual Schedule For kids Toddler Chore Chart,Kids chart PDF",17.0,2.5,340.0,60 80 20 20 42 40 18 40 0 0 20 0,0 20 0,9,0.143,CLEAN,FADING,Unassigned,VAGUE,v1:checklist
EVERBEE ESTIMATE — NOT ETSY TRANSACTION DATA,BubblesandBuckets,16.0,998.0,4307723229,Daily Cleaning Checklist + Bonus Weekly & Monthly Chores | Printable Cleaning Schedules | Instant Download,15.0,0.5,339.0,54 75 0 21 0 0 0 21 42 24 60 42,24 60 42,8,0.34,CLEAN,ACTIVE,Unassigned,VAGUE,v1:checklist;v1:cleaning
EVERBEE ESTIMATE — NOT ETSY TRANSACTION DATA,HatOnTheCat,22.0,839.0,1850526779,"CROCHET PATTERN Crochet Traffic Cone Cat Hat, Cute Pet Hat Crochet Pattern",22.0,2.7,337.0,42 63 24 0 4 60 18 14 26 46 24 16,46 24 16,11,0.402,CLEAN,ACTIVE,Crafter (patterns),DESIGN,v1:pet
EVERBEE ESTIMATE — NOT ETSY TRANSACTION DATA,MuneDesignCo,11.0,792.0,4398640500,"Envelope Liner Template Bundle for Canva - Printable Liner, DIY Liner Design, Wedding Stationery Template (Digital Download)",11.0,3.19,332.0,0 1 18 19 35 64 51 39 32 28 24 21,28 24 21,11,0.419,CLEAN,ACTIVE,Wedding guest-facing decor,DESIGN,v1:wedding
EVERBEE ESTIMATE — NOT ETSY TRANSACTION DATA,DraftandWed,14.0,610.0,4332847444,"Ornate Hand Fan Blank Template: DIY Wedding Program (Canva, PDF, JPG)",14.0,6.63,331.0,0 42 48 36 24 21 24 30 30 30 37 9,30 37 9,11,0.543,CLEAN,ACTIVE,Wedding guest-facing decor,DESIGN,v1:wedding
EVERBEE ESTIMATE — NOT ETSY TRANSACTION DATA,OliviaCreativeStudio,21.0,3306.0,4381656044,"Custom Branding & Logo Design Package: Unique Business Identity, Professional Logo, Brand Kit, Visual Identity",12.0,209.32,330.0,0 11 40 27 39 66 27 59 39 0 22 0,0 22 0,9,0.1,CLEAN,FADING,Kids learning / party host,DESIGN,v1:business
EVERBEE ESTIMATE — NOT ETSY TRANSACTION DATA,TheLilyLettersCo,18.0,4622.0,4329874848,"Bar Menu Sign Template, Sage Green Wedding Drink Menu, Printable Modern Wedding Signage, Editable Canva Signature Cocktails - SECRET GARDEN",15.0,7.0,330.0,16 31 16 56 24 32 63 0 31 16 13 32,16 13 32,11,0.071,CLEAN,ACTIVE,Wedding guest-facing decor,DESIGN,v1:wedding
EVERBEE ESTIMATE — NOT ETSY TRANSACTION DATA,TINIMALS,8.0,2735.0,4470457944,"Felt Horse Sewing Pattern PDF, Pony Ornament DIY, Beginner Friendly",7.0,7.0,328.0,0 0 0 0 0 11 62 59 44 62 70 20,62 70 20,7,0.12,NEAR-CLEAN,ACTIVE,Crafter (patterns),DESIGN,horse
EVERBEE ESTIMATE — NOT ETSY TRANSACTION DATA,SocalRoadster,6.0,2611.0,4496276589,U.S.A Vehicle Checklist! READ MY REVIEWS! I'm human!,1.0,4.99,327.0,0 0 0 0 0 0 0 90 162 34 41 0,34 41 0,4,0.125,NEAR-CLEAN,ACTIVE,Unassigned,VAGUE,v1:checklist;v1:vehicle
EVERBEE ESTIMATE — NOT ETSY TRANSACTION DATA,TheMaisonPaperStudio,4.0,1394.0,4529960707,"Burgundy Photo Booth Save the Date Wedding Website Template, Canva Digital Invitation with Music and Countdown Timer",3.0,25.0,324.0,0 0 0 0 0 0 0 0 0 3 225 96,3 225 96,3,0.232,NEAR-CLEAN,ACTIVE,Wedding guest-facing decor,DESIGN,v1:wedding
EVERBEE ESTIMATE — NOT ETSY TRANSACTION DATA,NovaCharmDesigns,23.0,2564.0,4313515958,"Maestra PNG Clipart Bundle, Spanish Teacher Designs (Digital Download)",17.0,3.0,323.0,19 38 13 6 19 0 102 50 19 0 19 38,0 19 38,10,0.126,CLEAN,ACTIVE,Merch / decor / design assets (any buyer),DESIGN,v1:teacher
EVERBEE ESTIMATE — NOT ETSY TRANSACTION DATA,TheCanvaCrafts,14.0,768.0,4449697884,"Wedding I Spy Game, Wedding Photo Scavenger Hunt, QR Code Wedding Sign, Wedding Table Game, Guest Photo Upload Card",8.0,2.15,323.0,0 0 0 0 0 0 10 24 56 64 90 79,64 90 79,6,0.421,NEAR-CLEAN,ACTIVE,Wedding guest-facing decor,DESIGN,v1:wedding
EVERBEE ESTIMATE — NOT ETSY TRANSACTION DATA,PortraitandPages,16.0,1371.0,4346098232,"Custom Pixar-Style Portrait: Family, Couples, Pets (Digital Download)",14.0,7.5,321.0,51 83 114 23 16 5 16 6 6 1 0 0,1 0 0,10,0.234,CLEAN,FADING,Unassigned,VAGUE,v1:pet
EVERBEE ESTIMATE — NOT ETSY TRANSACTION DATA,HouseofIvyDesigns,6.0,1411.0,4474182700,Sage Green and Ivory Wedding Website Template with RSVP and Countdown Timer Elegant Editable Old Money Canva Site Digital Invitation,6.0,23.95,321.0,0 0 0 0 0 0 0 34 91 95 86 15,95 86 15,5,0.227,NEAR-CLEAN,ACTIVE,Wedding guest-facing decor,DESIGN,v1:wedding
EVERBEE ESTIMATE — NOT ETSY TRANSACTION DATA,PagesandDaydreams,24.0,1915.0,1812680384,"ALL ACCESS mini book templates, printable pdf for Booktok TBR jar, reading tracker, book nooks & ornaments, anxiety bookshelf, dollhouse",23.0,22.89,319.0,0 0 0 56 41 32 33 35 40 33 29 20,33 29 20,9,0.167,CLEAN,ACTIVE,Productivity planner user,VAGUE,v1:tracker
EVERBEE ESTIMATE — NOT ETSY TRANSACTION DATA,RetouchLabStudio,11.0,948.0,4516914712,"Outdoor Natural Lightroom Presets, Clean Nature Filter, True Colors, Warm Tones (Mobile/Desktop)",4.0,9.98,318.0,0 0 0 0 0 0 0 0 53 53 106 106,53 106 106,4,0.335,NEAR-CLEAN,ACTIVE,Merch / decor / design assets (any buyer),DESIGN,v1:cleaning
EVERBEE ESTIMATE — NOT ETSY TRANSACTION DATA,TheGenlePlate,14.0,750.0,4408823414,"7-Day GLP-1 Meal Plan (High Protein, Small Portions) | Ozempic Wegovy Zepbound | 1300–1600 Calories,",10.0,14.9,317.0,0 0 26 31 29 47 38 38 38 36 21 13,36 21 13,10,0.423,CLEAN,ACTIVE,Unassigned,VAGUE,v1:meal
EVERBEE ESTIMATE — NOT ETSY TRANSACTION DATA,stitcherbynightPDF,23.0,5160.0,1828789186,bookshelf embroidery design * floral bookshelf embroidery pattern * bookshelf reading log embroidery * book lover embroidery,21.0,5.68,315.0,60 27 40 68 31 53 27 0 0 0 0 9,0 0 9,8,0.061,CLEAN,FADING,Merch / decor / design assets (any buyer),DESIGN,v1:log
EVERBEE ESTIMATE — NOT ETSY TRANSACTION DATA,SidelineSimple,17.0,2260.0,4338711495,Cheer Fundraiser Calendar: Pick-a-Date Donation Tracker (Printable Canva Download),15.0,4.0,314.0,86 57 57 4 34 0 0 0 0 38 19 19,38 19 19,8,0.139,CLEAN,ACTIVE,Productivity planner user,VAGUE,v1:tracker
EVERBEE ESTIMATE — NOT ETSY TRANSACTION DATA,MaisieMayCreates,11.0,375.0,4403667559,"Reading Series Tracker Template on GoogleSheets, Book Reading Journal",11.0,7.94,310.0,0 22 80 62 53 19 44 10 0 10 0 10,10 0 10,9,0.827,CLEAN,FADING,Productivity planner user,VAGUE,v1:tracker
EVERBEE ESTIMATE — NOT ETSY TRANSACTION DATA,ChaPrintables,12.0,1987.0,4376152976,Weekly Planner Inserts A5 Size Printable -  Undated Ring Binder Refill Pages - Minimal PDF WO1P Planner - Hobonichi Style Clean Template,12.0,3.06,308.0,2 13 15 45 45 36 39 53 7 15 0 38,15 0 38,11,0.155,CLEAN,ACTIVE,Productivity planner user,VAGUE,v1:binder;v1:cleaning
EVERBEE ESTIMATE — NOT ETSY TRANSACTION DATA,DigiErra,9.0,1588.0,4509152837,Summer Chore Chart | editable | Printable Chore Chart for Kids | Summer Checklist | routine | rules | screen time allowance | Summer Rules,5.0,3.6,308.0,0 0 0 0 0 0 0 8 216 56 28 0,56 28 0,4,0.194,NEAR-CLEAN,ACTIVE,Unassigned,VAGUE,v1:checklist
EVERBEE ESTIMATE — NOT ETSY TRANSACTION DATA,UpsiderDesigns,18.0,2490.0,4332671128,"Custom Watercolor Portrait From Photo, Pet Couple or Family Digital Art",15.0,9.99,307.0,0 37 71 20 28 0 31 41 6 18 18 37,18 18 37,10,0.123,CLEAN,ACTIVE,Unassigned,VAGUE,v1:pet
EVERBEE ESTIMATE — NOT ETSY TRANSACTION DATA,Webudding,17.0,4464.0,4484428726,2026 ADHD Structured All-in-One Planner l Digital Planner Goodnotes Notability Samsung Notes iPad Template Weekly Planner Simple for Focus,3.0,16.99,306.0,0 0 0 0 0 0 0 144 18 108 18 18,108 18 18,5,0.069,NEAR-CLEAN,ACTIVE,ADHD adult (excluded by brief),EXCLUDED_BY_BRIEF,v1:adhd
EVERBEE ESTIMATE — NOT ETSY TRANSACTION DATA,LenchosEmporium,9.0,1748.0,4476453143,"Blood Pressure Log Printable - Instant Download, Medical Tracker, Blood Pressure Tracker, Blood Pressure Chart PDF, Printer Friendly Sheet",7.0,1.67,304.0,0 0 0 0 0 0 40 4 44 22 66 128,22 66 128,6,0.174,NEAR-CLEAN,ACTIVE,Productivity planner user,VAGUE,v1:log;v1:medical;v1:tracker
EVERBEE ESTIMATE — NOT ETSY TRANSACTION DATA,SimplyVector,18.0,1610.0,4301927678,"Custom Pixar Style Portrait from Photo, 3D Cartoon Character, Couple, Family or Pet Gift, Digital Pixar Art, Personalized Cartoon Drawing",17.0,20.0,304.0,30 12 172 10 18 12 11 19 0 0 10 10,0 10 10,10,0.189,CLEAN,FADING,Unassigned,VAGUE,v1:pet
EVERBEE ESTIMATE — NOT ETSY TRANSACTION DATA,AutumnBrush,12.0,721.0,4452612340,"Set of 36 Wizard and Witch Daily Newspaper Pages Printable PDF, Wizard Party Decor, Wizard Home Decor, Fantasy Fan Wall Art, Travel Poster",8.0,35.0,304.0,0 0 0 0 16 61 35 24 40 32 64 32,32 64 32,8,0.422,CLEAN,ACTIVE,Merch / decor / design assets (any buyer),DESIGN,v1:travel
EVERBEE ESTIMATE — NOT ETSY TRANSACTION DATA,RoveraStudio,24.0,1661.0,4437425347,Ultimate Annual Budget Tracker Google Sheets Budget Template Monthly Budget Tracker Financial Planner Bill Tracker Debt Tracker Spreadsheet,9.0,21.22,300.0,0 0 0 60 22 78 60 48 12 20 0 0,20 0 0,7,0.181,NEAR-CLEAN,FADING,Household budgeter (#1-#7 live),LIVE_LL,v1:budget;v1:spreadsheet;v1:tracker
EVERBEE ESTIMATE — NOT ETSY TRANSACTION DATA,ScriptedPages,19.0,5558.0,4382564309,Custom Whimsical Watercolour Pet Cocktail Sign | Pet Bar Sign | Digital Download | Personalized Wedding Decor | Up to 3 Pets,12.0,39.16,300.0,2 3 0 0 1 0 0 1 10 85 123 75,85 123 75,8,0.054,CLEAN,ACTIVE,Wedding guest-facing decor,DESIGN,v1:pet
EVERBEE ESTIMATE — NOT ETSY TRANSACTION DATA,PappleStudio,10.0,4953.0,4496001610,"Cricut Mini Bag Template, Canva Editable Mother Day Floral Gift Bag Party Favor Template, Printable Small Teacher Handbag Packaging, Instant",6.0,3.0,300.0,0 0 0 0 0 0 30 90 60 64 56 0,64 56 0,5,0.061,NEAR-CLEAN,ACTIVE,Merch / decor / design assets (any buyer),DESIGN,v1:teacher
EVERBEE ESTIMATE — NOT ETSY TRANSACTION DATA,TheCanvasSyndicate,15.0,1814.0,4402342602,"My First Flight Certificate for Kids - Editable Travel Keepsake, Flight Bravery Award & Milestone Vacation Gift",11.0,1.99,300.0,0 40 60 74 6 20 60 0 0 0 20 20,0 20 20,8,0.165,CLEAN,FADING,Traveler,VAGUE,v1:travel
EVERBEE ESTIMATE — NOT ETSY TRANSACTION DATA,FunctionalFairy,19.0,1155.0,4423022898,Notion Student Planner | Academic Planner Notion Template | College Planner | Notion Academic Planner | University Student Dashboard,10.0,14.99,298.0,0 0 26 94 48 24 36 0 24 0 24 22,0 24 22,8,0.258,CLEAN,ACTIVE,Student (general),VAGUE,student;v1:notion
EVERBEE ESTIMATE — NOT ETSY TRANSACTION DATA,PrairieLaneByPaisley,17.0,1307.0,4329834092,"Pet Signature Drink Template for Wedding, His and Hers Modern Minimalist Drinks Sign with Dog, Custom Bar Menu Editable Pet Cocktails",15.0,3.5,297.0,22 0 5 28 22 11 31 41 38 55 22 22,55 22 22,11,0.227,CLEAN,ACTIVE,Wedding guest-facing decor,DESIGN,v1:pet
EVERBEE ESTIMATE — NOT ETSY TRANSACTION DATA,TreasureMartSE,19.0,1761.0,1903937345,"Editable Boarding Pass Template, Printable Plane Ticket, Personalized Travel Gift, Digital Download",18.0,3.0,289.0,24 24 24 0 0 45 100 24 24 24 0 0,24 0 0,8,0.164,CLEAN,FADING,Traveler,VAGUE,v1:travel
EVERBEE ESTIMATE — NOT ETSY TRANSACTION DATA,HSNcreates,14.0,3664.0,4361045043,Editable Oracle Card Canva Template | DIY Affirmation & Spiritual Deck | Customizable Tarot Style Cards| Printable for Business and Personal,13.0,3.99,288.0,0 18 19 23 46 26 49 47 0 16 32 12,16 32 12,10,0.079,CLEAN,ACTIVE,Kids learning / party host,DESIGN,v1:business
EVERBEE ESTIMATE — NOT ETSY TRANSACTION DATA,BlinkDesignory,14.0,3999.0,4368693195,"Teacher Apple Ornaments Svg, Thank You Svg Laser Cut File, Gift for Teacher, Teacher Ornament, Teacher Appreciation Day, Glowforge Svg Files",13.0,5.0,288.0,0 34 51 0 28 6 25 93 17 17 6 11,17 6 11,10,0.072,CLEAN,FADING,Merch / decor / design assets (any buyer),DESIGN,v1:teacher
EVERBEE ESTIMATE — NOT ETSY TRANSACTION DATA,PrintavoLab,5.0,1161.0,4510537190,"Custom Teacher Name PNG, Personalized Teacher Shirt Sublimation, Mrs Teacher PNG, Back to School DTF Design, Teacher Appreciation Gift Png",5.0,5.96,287.0,0 0 0 0 0 0 0 0 85 82 30 90,82 30 90,4,0.247,NEAR-CLEAN,ACTIVE,Merch / decor / design assets (any buyer),DESIGN,v1:teacher
EVERBEE ESTIMATE — NOT ETSY TRANSACTION DATA,ZefaHaus,17.0,1066.0,4396401451,"Articulated Cute Octopus STL file for 3D Printing, STL Print Files, Articulating Flexi Wiggle Pet, Print in Place Fidget Digital File",11.0,4.0,285.0,0 0 0 6 69 30 62 58 30 15 15 0,15 15 0,8,0.267,CLEAN,FADING,Merch / decor / design assets (any buyer),DESIGN,v1:pet
EVERBEE ESTIMATE — NOT ETSY TRANSACTION DATA,CraftingzoneShop,13.0,2974.0,4383468875,Teacher PNG Bundle | Boho Teacher PNG | Teacher Shirt Sublimation Designs | Teacher Appreciation PNG Bundle | Digital Download,12.0,6.5,285.0,0 0 4 36 20 45 87 18 15 30 6 24,30 6 24,10,0.096,CLEAN,ACTIVE,Merch / decor / design assets (any buyer),DESIGN,v1:teacher
EVERBEE ESTIMATE — NOT ETSY TRANSACTION DATA,MartyWallArt,9.0,2208.0,4483420287,"Monster Truck Nursery Wall Art Set of 6, Boy Room Decor, Racing Truck Kids Posters, Toddler Bedroom Prints, Vehicle Theme Wall Art",6.0,12.0,284.0,0 0 0 0 0 0 60 96 40 14 36 38,14 36 38,6,0.129,NEAR-CLEAN,ACTIVE,Merch / decor / design assets (any buyer),DESIGN,v1:vehicle
EVERBEE ESTIMATE — NOT ETSY TRANSACTION DATA,JunkJournalPrintable,14.0,3284.0,4485204286,"Vintage Junk Journal Kit Bundle, 2333 Pages Best Sellers Printable Digital Download Scrapbook Ephemera Celestial Apothecary Travel Butterfly",6.0,14.15,280.0,0 0 0 0 0 0 22 70 55 70 24 39,70 24 39,6,0.085,NEAR-CLEAN,ACTIVE,Traveler,VAGUE,seller;v1:travel
EVERBEE ESTIMATE — NOT ETSY TRANSACTION DATA,JazzyCraftPrint,16.0,644.0,4467912142,"Custom Name Sign 3D Print File: Nursery, Teacher, Preppy, Desk Decor (STL Digital Download)",7.0,3.54,280.0,0 0 0 0 0 25 10 21 108 88 14 14,88 14 14,7,0.435,NEAR-CLEAN,ACTIVE,Merch / decor / design assets (any buyer),DESIGN,v1:teacher
EVERBEE ESTIMATE — NOT ETSY TRANSACTION DATA,DietDigital,21.0,2746.0,4296393928,"Wallet-Size Custom Allergy Card for Travel | Gluten-Free, Nut, Dairy & More | Personalized for Any Country or Language (Digital Download)",18.0,11.13,280.0,30 18 24 13 21 12 21 14 27 40 36 24,40 36 24,12,0.102,CLEAN,ACTIVE,Traveler,VAGUE,v1:travel
EVERBEE ESTIMATE — NOT ETSY TRANSACTION DATA,Gen1Collector,18.0,1120.0,4312447835,"Gen1Collector Pokémon Placeholder Cards National Pokédex Binder, Printable PDF",17.0,33.64,279.0,0 0 0 0 8 76 54 57 46 10 4 24,10 4 24,8,0.249,CLEAN,FADING,IP / fan merch,DESIGN,v1:binder
EVERBEE ESTIMATE — NOT ETSY TRANSACTION DATA,SlowandRockSteady,16.0,4335.0,4537435220,"Christian All About Me Printable, First Day of School Activity, Back To School, Student Interview, Sunday School, God Made Me Lesson Craft",3.0,2.95,278.0,0 0 0 0 0 0 0 0 0 12 129 137,12 129 137,3,0.064,NEAR-CLEAN,ACTIVE,Student (general),VAGUE,student
EVERBEE ESTIMATE — NOT ETSY TRANSACTION DATA,LYSCreativeCo,17.0,1243.0,4554904218,"Editable Senior Checklist Banner Template, Back to School (6x2 ft)",2.0,6.0,276.0,0 0 0 0 0 0 0 0 0 0 91 185,0 91 185,2,0.222,NEAR-CLEAN,ACTIVE,Kids learning / party host,DESIGN,v1:checklist
EVERBEE ESTIMATE — NOT ETSY TRANSACTION DATA,MadeForFunction,16.0,3073.0,4397631948,"Whole Shop ADHD Brain Dump Bundle | Executive Function, Thought Organizer, To-Do List, Task Tracker & Productivity Printables",11.0,37.0,274.0,0 10 51 38 32 28 26 24 16 8 23 18,8 23 18,11,0.089,CLEAN,ACTIVE,ADHD adult (excluded by brief),EXCLUDED_BY_BRIEF,v1:adhd;v1:tracker
EVERBEE ESTIMATE — NOT ETSY TRANSACTION DATA,MykWonders,24.0,3103.0,4389163566,Horse Crochet Pattern | Amigurumi Plush Toy Tutorial (English PDF),12.0,4.63,273.0,18 21 27 25 29 36 35 17 35 17 13 0,17 13 0,11,0.088,CLEAN,FADING,Crafter (patterns),DESIGN,horse
EVERBEE ESTIMATE — NOT ETSY TRANSACTION DATA,KatsPokedex,18.0,854.0,1891071642,Gen 1 ONLY Pokedex Binder Card Inserts for Tracking - Printable PDF for Collecting!,18.0,2.0,272.0,26 0 48 41 30 49 35 4 31 8 0 0,8 0 0,9,0.319,CLEAN,FADING,IP / fan merch,DESIGN,v1:binder
EVERBEE ESTIMATE — NOT ETSY TRANSACTION DATA,MintPixelLane,15.0,1269.0,4361567310,Low FODMAP Diet Food List & Meal Plan Guide | IBS Food Chart and Grocery List | Printable pdf Download (US Letter and A4),14.0,7.98,272.0,0 0 0 0 11 32 73 58 16 29 32 21,29 32 21,8,0.214,CLEAN,ACTIVE,Unassigned,VAGUE,v1:meal
EVERBEE ESTIMATE — NOT ETSY TRANSACTION DATA,TheLoopPatternCo,5.0,3416.0,4533187646,"57 Tiny Pet Crochet Patterns PDF: Amigurumi Animals, Keychains & Charms, 6-Language Guide",3.0,8.88,270.0,0 0 0 0 0 0 0 0 0 65 118 87,65 118 87,3,0.079,NEAR-CLEAN,ACTIVE,Crafter (patterns),DESIGN,v1:pet
EVERBEE ESTIMATE — NOT ETSY TRANSACTION DATA,RedCatWallArt,19.0,4840.0,4435218142,"Vintage Car Amalfi Coast Print, Old Money Aesthetic, Black and White Italy Poster, Luxury Travel Wall Art, Digital Download",9.0,5.4,266.0,0 0 0 4 14 37 40 44 33 31 41 22,31 41 22,9,0.055,CLEAN,ACTIVE,Merch / decor / design assets (any buyer),DESIGN,v1:travel
EVERBEE ESTIMATE — NOT ETSY TRANSACTION DATA,BemzeDigitalStudio,16.0,874.0,4385750601,"Google Sheets Budget Template, Monthly Expense Tracker, Savings Planner, Debt Tracker, Beginner Financial Planner",11.0,3.06,265.0,0 52 49 58 32 3 3 18 0 6 24 20,6 24 20,10,0.303,CLEAN,ACTIVE,Household budgeter (#1-#7 live),LIVE_LL,v1:budget;v1:tracker
EVERBEE ESTIMATE — NOT ETSY TRANSACTION DATA,Printbyartisan,10.0,2118.0,4523149286,"Happy To See Your Face PNG, Preppy Neon Color Block PNG, Striped Teacher Student School, Back to School Sublimation, Teacher Appreciation",4.0,3.99,264.0,0 0 0 0 0 0 0 0 30 146 44 44,146 44 44,4,0.125,NEAR-CLEAN,ACTIVE,Merch / decor / design assets (any buyer),DESIGN,student;v1:teacher
EVERBEE ESTIMATE — NOT ETSY TRANSACTION DATA,ArtFindUsa,13.0,925.0,4404812951,"Social Media QR Code Sign Template, Editable Canva Follow Us Sign for Small Business, Printable Digital Download",10.0,1.99,264.0,0 0 12 25 29 0 53 35 84 4 22 0,4 22 0,8,0.285,CLEAN,FADING,Kids learning / party host,DESIGN,v1:business
EVERBEE ESTIMATE — NOT ETSY TRANSACTION DATA,Leadershipcoaching,18.0,577.0,1881042738,"Coaching Toolkit, templates, forms, worksheets, workbook, assessments, 3000+ Canva Templates & Editable documents (Digital Download)",19.0,16.89,262.0,33 44 33 0 23 17 18 8 23 10 11 42,10 11 42,11,0.454,CLEAN,ACTIVE,Kids learning / party host,DESIGN,v1:forms
EVERBEE ESTIMATE — NOT ETSY TRANSACTION DATA,VintageGameVaultShop,9.0,975.0,4455557632,Pokédex Binder Placeholders 1–1025 (Full Dex) | Digital Download,8.0,5.22,258.0,0 0 0 0 0 24 46 26 22 55 51 34,55 51 34,7,0.265,NEAR-CLEAN,ACTIVE,IP / fan merch,DESIGN,v1:binder
EVERBEE ESTIMATE — NOT ETSY TRANSACTION DATA,AlthoraShop,16.0,367.0,4323121530,Daily To Do List Template Google Sheets & Excel | Simple Task Organizer | Printable Digital Planner | Minimalist Productivity Tracker,15.0,5.56,256.0,16 32 16 32 32 0 10 22 0 16 45 35,16 45 35,10,0.698,CLEAN,ACTIVE,Productivity planner user,VAGUE,v1:tracker
EVERBEE ESTIMATE — NOT ETSY TRANSACTION DATA,ZFCreativeNest,7.0,2944.0,4503030887,"Hungry Caterpillar Clipart, Watercolor Caterpillar PNG, First Birthday Clipart, Teacher Classroom Decor, Storybook Art, Commercial Use",5.0,6.5,255.0,0 0 0 0 0 0 0 0 60 66 63 66,66 63 66,4,0.087,NEAR-CLEAN,ACTIVE,Merch / decor / design assets (any buyer),DESIGN,v1:teacher
EVERBEE ESTIMATE — NOT ETSY TRANSACTION DATA,UniCraft99Pattern,18.0,1466.0,1902536795,Women's Scrubs Sewing Pattern | Medical Tunic & Trouser | PDF Download | Nurse Uniforms Mold,18.0,5.99,254.0,46 0 32 26 62 8 16 32 0 16 16 0,16 16 0,9,0.173,CLEAN,FADING,Crafter (patterns),DESIGN,nurse;nursing;v1:medical
EVERBEE ESTIMATE — NOT ETSY TRANSACTION DATA,FaithHomePrints,11.0,1638.0,4398573954,"Editable Young Women Questionnaire Form, LDS YW Get to Know You Sheet, All About Me Survey Printable, Secret Sister Info Page Download",11.0,3.38,254.0,0 34 36 49 17 17 34 0 0 34 0 33,34 0 33,8,0.155,CLEAN,ACTIVE,Unassigned,VAGUE,v1:forms
EVERBEE ESTIMATE — NOT ETSY TRANSACTION DATA,DigitalAtrist,9.0,1004.0,4465831793,Kids Puppies Clipart Bundle | Cartoon Pet Dogs PNG Digital Download,7.0,3.5,253.0,0 0 0 0 0 17 49 44 22 47 41 33,47 41 33,7,0.252,NEAR-CLEAN,ACTIVE,Merch / decor / design assets (any buyer),DESIGN,v1:pet
EVERBEE ESTIMATE — NOT ETSY TRANSACTION DATA,StunifyCrafts,19.0,3670.0,4353538530,"Family vacation 2026 svg bundle, Family Trip 2026 matching shirt svg, Making memories together, Family travel svg, family weekend 2026 svg",14.0,3.0,253.0,46 9 60 26 20 0 6 40 23 0 23 0,0 23 0,9,0.069,CLEAN,FADING,Merch / decor / design assets (any buyer),DESIGN,v1:travel
EVERBEE ESTIMATE — NOT ETSY TRANSACTION DATA,bytojriorcollection,10.0,3033.0,4512485580,"Black Horse Embroidery Design, Elegant Floral Portrait, Western Machine File (Digital Download)",5.0,6.48,252.0,0 0 0 0 0 0 0 0 58 72 70 52,72 70 52,4,0.083,NEAR-CLEAN,ACTIVE,Merch / decor / design assets (any buyer),DESIGN,horse
EVERBEE ESTIMATE — NOT ETSY TRANSACTION DATA,RoseByteStore,11.0,1819.0,4396024204,Editable Craft Business Card Template | DIY Small Business (Canva) | 4 different design set,11.0,3.6,252.0,0 0 63 63 21 21 21 0 0 21 21 21,21 21 21,8,0.139,CLEAN,ACTIVE,Kids learning / party host,DESIGN,v1:business
EVERBEE ESTIMATE — NOT ETSY TRANSACTION DATA,MeggieandMum,8.0,530.0,4519856502,"Garden Party Express Layered Quilt PDF Tutorial, Beginner Sewing Pattern, Baby Pram Quilt, Lap Quilt, Instant Download, Clean Finish Quilt P",3.0,12.44,252.0,0 0 0 0 0 0 0 0 0 83 127 42,83 127 42,3,0.475,NEAR-CLEAN,ACTIVE,Crafter (patterns),DESIGN,v1:cleaning
EVERBEE ESTIMATE — NOT ETSY TRANSACTION DATA,TarotReadingsFreya,12.0,1954.0,4394180520,Health Tarot Reading Clairvoyant Psychic Medical Guidance Deep Wellness Mind Body Accurate Detailed Spiritual Intuitive Honest Same Hour Day,12.0,11.75,252.0,0 22 14 63 18 18 30 32 43 6 6 0,6 6 0,10,0.129,CLEAN,FADING,Unassigned,VAGUE,v1:medical
EVERBEE ESTIMATE — NOT ETSY TRANSACTION DATA,DigitalSolStudioArt,15.0,345.0,4333723898,Gantt Chart | Project Tracker | Automated Project Planner | Project Management Template | Microsoft Excel | Project Timeline | Task Tracker,14.0,4.0,250.0,30 12 32 47 22 63 11 2 9 0 20 2,0 20 2,11,0.725,CLEAN,FADING,Productivity planner user,VAGUE,v1:tracker
EVERBEE ESTIMATE — NOT ETSY TRANSACTION DATA,PrintDiti,15.0,1616.0,4523853839,"240000+ Mega Svg Bundle Files, Dtf Designs, Cricut Files, Lifetime Access, Insant Download, For Etsy Sellers,Holiday Svg,Cartoon Svg Bundle",4.0,17.0,249.0,0 0 0 0 0 0 0 0 7 57 81 104,57 81 104,4,0.154,NEAR-CLEAN,ACTIVE,Merch / decor / design assets (any buyer),DESIGN,seller
EVERBEE ESTIMATE — NOT ETSY TRANSACTION DATA,Familienlebenleicht,8.0,407.0,4452316968,Notfallordner Familie und Versicherungsordner Vorsorge Vorlage für Eltern Alleinerziehende Notfallmappe Checkliste PDF,8.0,23.74,249.0,0 0 0 0 23 0 88 4 23 0 55 56,0 55 56,6,0.612,NEAR-CLEAN,ACTIVE,Unassigned,VAGUE,v1:checklist
EVERBEE ESTIMATE — NOT ETSY TRANSACTION DATA,ROXAURAPIXEL,10.0,1115.0,4426288410,"30+ Spooky Dog PNG Bundle , Cartoon Beagle Style Clipart | Funny snoopy SVG & PNG | Digital Download Sublimation Design for Pet Lovers",10.0,2.1,247.0,0 0 7 66 41 19 48 13 15 19 0 19,19 0 19,9,0.222,CLEAN,ACTIVE,Merch / decor / design assets (any buyer),DESIGN,v1:pet
EVERBEE ESTIMATE — NOT ETSY TRANSACTION DATA,PureDigiPress,16.0,2431.0,4394796760,"18000+ n8n Automation Templates Mega Bundle AI Social Media  Content Creation, Marketing Business Automation",12.0,6.6,245.0,4 33 37 50 23 6 0 12 23 18 17 22,18 17 22,11,0.101,CLEAN,ACTIVE,Kids learning / party host,DESIGN,v1:business
EVERBEE ESTIMATE — NOT ETSY TRANSACTION DATA,ElthivarDigitalCo,10.0,927.0,4399052675,Reading Planner Journal | Printable Tracker & Reading Log Template | Digital Download for Book Lovers,10.0,5.15,243.0,0 0 9 40 37 46 11 27 0 27 32 14,27 32 14,9,0.262,CLEAN,ACTIVE,Productivity planner user,VAGUE,v1:log;v1:tracker
EVERBEE ESTIMATE — NOT ETSY TRANSACTION DATA,VelvettVibess,8.0,4445.0,4500193544,"500+ Mega Mug Wrap Bundle, 11oz & 15oz Mug Sublimation Designs, Teacher Mug, Photo Mug, Mama Mug, Coffee Mug, Cartoon Mug Wrap, Mug Bundle",5.0,2.6,243.0,0 0 0 0 0 0 0 55 44 40 40 64,40 40 64,5,0.055,NEAR-CLEAN,ACTIVE,Merch / decor / design assets (any buyer),DESIGN,v1:teacher
EVERBEE ESTIMATE — NOT ETSY TRANSACTION DATA,Printoniaa,19.0,530.0,4393724517,Custom Name Logo Design Word Logo Initial Logo Personalized Business Logo Minimalist Name Geometric Logo PNG Name Logo SVG Files For Cricut,12.0,3.45,242.0,0 8 8 8 8 16 16 24 72 24 24 34,24 24 34,11,0.457,CLEAN,ACTIVE,Merch / decor / design assets (any buyer),DESIGN,v1:business
EVERBEE ESTIMATE — NOT ETSY TRANSACTION DATA,OlivraeStudio,8.0,648.0,4479522374,Countryside Wedding Website Template | Rustic Theme Wedding Website with RSVP Form | Editable Canva Template,7.0,22.48,242.0,0 0 0 0 0 0 24 14 34 75 62 33,75 62 33,6,0.373,NEAR-CLEAN,ACTIVE,Wedding guest-facing decor,DESIGN,v1:forms
EVERBEE ESTIMATE — NOT ETSY TRANSACTION DATA,BeBookArt,20.0,478.0,4402647090,"Digital Reading Journal | Semi-Hyperlinked | Book Wishlist, Physical TBR | Minimalist Book Tracker | Planner for iPad",10.0,3.15,242.0,0 0 4 70 105 18 30 0 0 8 7 0,8 7 0,7,0.506,NEAR-CLEAN,FADING,Productivity planner user,VAGUE,v1:tracker
EVERBEE ESTIMATE — NOT ETSY TRANSACTION DATA,TheNoblestNook,14.0,264.0,4345748629,Custom Cat and Dog Cartoon Portrait from Your Photo - Personalized Pet Art,14.0,4.0,241.0,0 78 45 25 3 39 47 2 0 2 0 0,2 0 0,8,0.913,CLEAN,FADING,Unassigned,VAGUE,v1:pet
EVERBEE ESTIMATE — NOT ETSY TRANSACTION DATA,MounirShopStudio,13.0,2043.0,4382226060,"Printable Small Business Form, Editable Order Forms Bundle, Tshirt, Tumbler, Invoice Template, Custom Order Form for Crafters Canva Template",12.0,3.62,240.0,0 0 20 20 40 0 80 42 18 0 8 12,0 8 12,8,0.117,CLEAN,FADING,Merch / decor / design assets (any buyer),DESIGN,v1:business;v1:forms;v1:invoice
EVERBEE ESTIMATE — NOT ETSY TRANSACTION DATA,LavyCharm,7.0,2646.0,4503434020,"25+ Teacher Icons Embroidery Designs Bundle, School Bundle Embroidery Designs, Back To School Embroidery, Best Teacher Ever Embroidery File",5.0,10.0,240.0,0 0 0 0 0 0 0 20 10 60 38 112,60 38 112,5,0.091,NEAR-CLEAN,ACTIVE,Merch / decor / design assets (any buyer),DESIGN,v1:teacher
EVERBEE ESTIMATE — NOT ETSY TRANSACTION DATA,Lmhieu003,11.0,1808.0,4526658128,"Mini Trucks Machine Embroidery Design Bundle, Construction Vehicle Embroidery Set, Train Tractor Dump Truck PES DST, Kids Vehicle Embroidery",4.0,10.8,239.0,0 0 0 0 0 0 0 0 0 37 110 92,37 110 92,3,0.132,NEAR-CLEAN,ACTIVE,Merch / decor / design assets (any buyer),DESIGN,v1:vehicle
EVERBEE ESTIMATE — NOT ETSY TRANSACTION DATA,LuongXnstore,18.0,4552.0,4534326062,"Para Story PNG, To Infinity and Beyond For Our Students Shirt Design, Toy Story Inspired Paraprofessional Sublimation, Paraprofessional PNG",3.0,3.2,238.0,0 0 0 0 0 0 0 0 0 126 78 34,126 78 34,3,0.052,NEAR-CLEAN,ACTIVE,IP / fan merch,DESIGN,student
EVERBEE ESTIMATE — NOT ETSY TRANSACTION DATA,TwinklePlanners,17.0,1225.0,4514789573,"Digital Reading Journal LANDSCAPE for iPad & Android | Book Reading Tracker, Review Planner, Reading Log | GoodNotes, Notability, Noteshelf",4.0,3.98,238.0,0 0 0 0 0 0 0 0 17 56 122 43,56 122 43,4,0.194,NEAR-CLEAN,ACTIVE,Productivity planner user,VAGUE,v1:log
EVERBEE ESTIMATE — NOT ETSY TRANSACTION DATA,FunnyCrochetPatternn,20.0,2111.0,4310626992,"Amigurumi Horse Crochet Pattern, American Paint, Easy Beginner PDF (Digital Download)",17.0,5.61,237.0,47 16 54 46 24 22 8 10 1 9 0 0,9 0 0,10,0.112,CLEAN,FADING,Crafter (patterns),DESIGN,horse
EVERBEE ESTIMATE — NOT ETSY TRANSACTION DATA,ForYourVillageShop,24.0,688.0,4383103593,"Home Management Binder – Editable Canva Template, Family Organizer & Household Planner",12.0,19.99,234.0,12 11 36 38 28 22 18 16 8 19 12 14,19 12 14,12,0.34,CLEAN,ACTIVE,Household readiness / end-of-life (excluded: Dept #1),EXCLUDED_BY_BRIEF,v1:binder
EVERBEE ESTIMATE — NOT ETSY TRANSACTION DATA,SpecialArtReserve,5.0,3932.0,4512120842,Psyduck 226/217 Inspired Extended Art | Ascended Heroes 9 Pocket Binder Page | Pokemon Binder Display,5.0,7.9,234.0,0 0 0 0 0 0 0 28 108 60 0 38,60 0 38,4,0.06,NEAR-CLEAN,ACTIVE,IP / fan merch,DESIGN,v1:binder
EVERBEE ESTIMATE — NOT ETSY TRANSACTION DATA,HomeSheetsCo,23.0,1586.0,1829748541,"monthly budget, best monthly budget spreadsheet, easy expense tracker google sheets, budget binder, fortnight budget, simple debt excel",23.0,3.36,234.0,74 43 47 51 3 2 4 3 3 0 3 1,0 3 1,11,0.148,CLEAN,FADING,Household budgeter (#1-#7 live),LIVE_LL,v1:binder;v1:budget;v1:spreadsheet
EVERBEE ESTIMATE — NOT ETSY TRANSACTION DATA,StudioNIQ,23.0,1012.0,1810794287,KITTY: Cute Expense & Budget Financial Tracker for Google Sheets,23.0,6.06,234.0,26 31 28 19 13 0 13 31 8 16 36 13,16 36 13,11,0.231,CLEAN,ACTIVE,Household budgeter (#1-#7 live),LIVE_LL,v1:budget
EVERBEE ESTIMATE — NOT ETSY TRANSACTION DATA,ThePlanDiaries,7.0,377.0,4468275763,"Prediabetes Food List, Low GI, Eat Limit Avoid Chart, Printable Diabetes Meal Planner, Blood Sugar Food Guide PDF (Instant Download)",7.0,6.2,234.0,0 0 0 0 0 0 9 4 26 94 76 25,94 76 25,6,0.621,NEAR-CLEAN,ACTIVE,Productivity planner user,VAGUE,v1:meal
EVERBEE ESTIMATE — NOT ETSY TRANSACTION DATA,YuzuPlanetStudio,9.0,335.0,4463280438,Custom Pet Portrait | Hand-Drawn Dog Cat Mom Keepsake Memorial gift(Digital File),8.0,23.0,234.0,0 0 0 0 0 0 7 103 69 34 13 8,34 13 8,6,0.699,NEAR-CLEAN,ACTIVE,Unassigned,VAGUE,v1:pet
EVERBEE ESTIMATE — NOT ETSY TRANSACTION DATA,StitchByteStudio,17.0,433.0,4327933395,Custom Realistic Pet Embroidery Design | Digitized From Photo | Any Animal Portrait,16.0,12.45,232.0,0 17 18 0 0 0 39 4 29 36 14 75,36 14 75,8,0.536,CLEAN,ACTIVE,Merch / decor / design assets (any buyer),DESIGN,v1:pet
EVERBEE ESTIMATE — NOT ETSY TRANSACTION DATA,RichvaleCreatives,10.0,1268.0,4463739434,Task Tracker Spreadsheet To Do List Task Tracker Template Team Project Manager Digital ADHD Productivity Task Manager Excel Google Sheets,8.0,11.25,231.0,0 0 0 0 0 17 54 39 18 70 33 0,70 33 0,6,0.182,NEAR-CLEAN,ACTIVE,ADHD adult (excluded by brief),EXCLUDED_BY_BRIEF,v1:adhd;v1:spreadsheet
EVERBEE ESTIMATE — NOT ETSY TRANSACTION DATA,PetalisStudio,19.0,342.0,4368236764,Custom Pet Portrait | Funny Pet Wall Art | Dog in Toilet or Bathtub | Personalized Bathroom Art | Pet Poster Gift | Pet Wall Art from Photo,13.0,4.99,231.0,0 0 30 41 47 39 26 24 9 6 3 6,6 3 6,10,0.675,CLEAN,FADING,Merch / decor / design assets (any buyer),DESIGN,v1:pet
EVERBEE ESTIMATE — NOT ETSY TRANSACTION DATA,smzycrochetmaking,12.0,1391.0,4441969248,Crochet Ruffle Dog Vest PDF Pattern | Textured Pet Sweater,8.0,3.7,231.0,0 0 0 0 42 35 55 22 33 22 11 11,22 11 11,8,0.166,CLEAN,ACTIVE,Crafter (patterns),DESIGN,v1:pet
EVERBEE ESTIMATE — NOT ETSY TRANSACTION DATA,Sawanita,24.0,1365.0,4431643828,"Cat Nose Cross Stitch Pattern PDF Cozy Kitten, Peeking from Blanket Winter Xstitch Chart  Small Pet Lover Gift Quick Stitch Digital download",10.0,6.5,231.0,0 0 0 48 46 27 40 27 15 7 13 8,7 13 8,9,0.169,CLEAN,FADING,Crafter (patterns),DESIGN,v1:pet
EVERBEE ESTIMATE — NOT ETSY TRANSACTION DATA,KikirikArtStudio,19.0,2285.0,1890204033,"Disney Characters Cruise Sublimation PNG, Family Trip Digital Design, Disney Vacation PNG, Theme Park Travel Printable Disney Cruise Bundle",18.0,2.84,231.0,0 0 21 0 21 42 63 21 21 12 9 21,12 9 21,9,0.101,CLEAN,ACTIVE,IP / fan merch,DESIGN,v1:travel
EVERBEE ESTIMATE — NOT ETSY TRANSACTION DATA,TheSwagDoodlers,24.0,1257.0,4448346859,"Tiki & Friends Luau Box Challenge Savings Game: A6 and A5 Binders; Low Income Friendly Personal Finance Budgeting Tool, Budget by Paycheck",8.0,7.5,230.0,0 0 0 0 0 11 80 42 61 13 13 10,13 13 10,7,0.183,NEAR-CLEAN,ACTIVE,Household budgeter (#1-#7 live),LIVE_LL,v1:binder;v1:budget
EVERBEE ESTIMATE — NOT ETSY TRANSACTION DATA,SwiftTemplatesUK,23.0,3048.0,1837569147,"Editable Dog Walking Contract, Dog Walker Business, Dog Walker Agreement, Dog Walking Service Contract PDF",22.0,2.38,230.0,23 23 23 23 23 23 0 23 23 23 0 23,23 0 23,10,0.075,CLEAN,ACTIVE,Unassigned,VAGUE,v1:business;v1:contract
EVERBEE ESTIMATE — NOT ETSY TRANSACTION DATA,Selleefy,14.0,383.0,4375868288,"Pixar Style Portrait from Photo,Custom 3D Cartoon Family / Couple / Pet Gift Animated Digital Portrait",13.0,9.0,229.0,4 0 108 45 27 0 11 26 0 4 4 0,4 4 0,8,0.598,CLEAN,FADING,Unassigned,VAGUE,v1:pet
EVERBEE ESTIMATE — NOT ETSY TRANSACTION DATA,Artist3DPK,10.0,1172.0,4418879489,"WW2 500GB+ STL Bundle,  WWII 3D Print Models Pack, Tanks, Soldiers, Weapons, Planes & Military Vehicles, Mega Collection Lifetime Access",10.0,8.0,228.0,0 0 10 0 40 13 24 52 20 33 28 8,33 28 8,9,0.195,CLEAN,ACTIVE,Merch / decor / design assets (any buyer),DESIGN,v1:vehicle
EVERBEE ESTIMATE — NOT ETSY TRANSACTION DATA,ArnikastudioCrafts,22.0,780.0,1839358142,"Sling Bag Pattern, Crossbody Bag, DIY Travel Bag Sewing Pattern pdf, Sling bag, Summer Boho Bag PDF Sewing Pattern, small sling molde bag",21.0,5.85,227.0,41 24 55 9 21 11 0 11 18 4 22 11,4 22 11,11,0.291,CLEAN,ACTIVE,Crafter (patterns),DESIGN,v1:travel
EVERBEE ESTIMATE — NOT ETSY TRANSACTION DATA,BanagoyaDigital,15.0,4501.0,4403482373,"Golden Retriever embroidery design, realistic dog machine embroidery file, pet lover gift, animal embroidery pattern, dog breed stitch art",10.0,6.81,226.0,0 0 0 87 38 9 35 22 19 0 0 16,0 0 16,7,0.05,NEAR-CLEAN,FADING,Merch / decor / design assets (any buyer),DESIGN,v1:pet
EVERBEE ESTIMATE — NOT ETSY TRANSACTION DATA,FoxandOwlPrintables,24.0,1254.0,4296351178,"Derby Day Betting Game: Win Place Show Pick Sheet (Printable) Horse Race Party Game Simple, fun don't need to know anything about racing!",18.0,2.66,225.0,15 0 0 0 15 32 85 33 15 21 9 0,21 9 0,8,0.179,CLEAN,FADING,Kids learning / party host,DESIGN,horse
EVERBEE ESTIMATE — NOT ETSY TRANSACTION DATA,ABSCRAFTGifts,20.0,1983.0,4402178086,"Coquette Nurse PNG Bundle, Nurse Clipart, Shirt Designs (Digital File)",11.0,7.59,224.0,0 14 30 36 46 14 30 26 14 0 14 0,0 14 0,9,0.113,CLEAN,FADING,Merch / decor / design assets (any buyer),DESIGN,nurse;nursing
EVERBEE ESTIMATE — NOT ETSY TRANSACTION DATA,UnclutterYourLife,8.0,381.0,4523843176,"Editable Medical Excuse Note Template for Work, School (Canva, PDF, Word)",4.0,1.5,224.0,0 0 0 0 0 0 0 0 10 53 138 23,53 138 23,4,0.588,NEAR-CLEAN,ACTIVE,Kids learning / party host,DESIGN,v1:medical
EVERBEE ESTIMATE — NOT ETSY TRANSACTION DATA,OkimiDesigns,18.0,2871.0,4310122844,Horse Head Wall Art SVG | Horse Wall Decor Laser Cut Files | Wood Wall Art | Home Decoration | Horse Svg | Digital download: dxf eps ai svg,16.0,1.4,221.0,5 12 25 33 30 27 17 17 24 8 7 16,8 7 16,12,0.077,CLEAN,FADING,Merch / decor / design assets (any buyer),DESIGN,horse
EVERBEE ESTIMATE — NOT ETSY TRANSACTION DATA,ThreeDDIGITAL,9.0,799.0,4495678198,400TB+ 3D Printing STL Bundle | 2M+ Printable Models | Commercial License | Flexi Animals Dragons Miniatures | Etsy Seller Collection,6.0,30.0,219.0,0 0 0 0 0 0 0 30 75 45 29 40,45 29 40,5,0.274,NEAR-CLEAN,ACTIVE,Merch / decor / design assets (any buyer),DESIGN,seller
EVERBEE ESTIMATE — NOT ETSY TRANSACTION DATA,ModernTraditionQShop,17.0,342.0,1887550262,BEST SELLER! Basic Squares Layer Cake Quilt Pattern - Also known as Strawberry Fields Layer Cake Quilt Pattern,17.0,8.5,217.0,42 56 9 30 1 19 0 20 14 16 0 10,16 0 10,10,0.635,CLEAN,FADING,Crafter (patterns),DESIGN,seller
EVERBEE ESTIMATE — NOT ETSY TRANSACTION DATA,TemplateMuseAlchemy,19.0,976.0,4428525302,Notion Life Planner Template: Second Brain for ADHD | All-in-One Life Management System | 140+ Pages | Reuse for Life (Digital Download),9.0,46.0,217.0,0 0 0 29 47 35 32 24 24 10 5 11,10 5 11,9,0.222,CLEAN,FADING,ADHD adult (excluded by brief),EXCLUDED_BY_BRIEF,v1:adhd;v1:notion
EVERBEE ESTIMATE — NOT ETSY TRANSACTION DATA,Normik8,10.0,1864.0,4467356572,"Horse Head  Floral, Boho Horse Flower Design, Farm Animal Embroidery Design, Instant Download Dst Pe",7.0,6.48,216.0,0 0 0 0 0 0 54 18 36 36 36 36,36 36 36,6,0.116,NEAR-CLEAN,ACTIVE,Merch / decor / design assets (any buyer),DESIGN,horse
EVERBEE ESTIMATE — NOT ETSY TRANSACTION DATA,MYKOFFICIAL,12.0,1739.0,4446334888,50 Cars 3D Laser Cut Puzzle Bundle SVG DXF | Wooden Car Models | CNC Glowforge LightBurn Vehicle Files,4.0,4.4,216.0,0 0 0 0 10 56 64 70 10 6 0 0,6 0 0,6,0.124,NEAR-CLEAN,FADING,Merch / decor / design assets (any buyer),DESIGN,v1:vehicle
EVERBEE ESTIMATE — NOT ETSY TRANSACTION DATA,SoulsArchive,13.0,894.0,4388378293,Undated ADHD Witchy Digital Planner - Fully Hyperlinked,12.0,8.18,215.0,12 0 60 83 0 12 0 24 12 0 4 8,0 4 8,8,0.24,CLEAN,FADING,ADHD adult (excluded by brief),EXCLUDED_BY_BRIEF,v1:adhd
EVERBEE ESTIMATE — NOT ETSY TRANSACTION DATA,PlanolistaCo,12.0,2156.0,4487562428,Social Media Content Planner Notion Template Content Creator Planner Content Calendar Social Media Manager Notion Content Planner,5.0,17.84,215.0,0 0 0 0 0 0 0 29 0 29 87 70,29 87 70,4,0.1,NEAR-CLEAN,ACTIVE,Productivity planner user,VAGUE,v1:notion
EVERBEE ESTIMATE — NOT ETSY TRANSACTION DATA,TaskNestShop,13.0,379.0,4419062246,Simple To Do List Spreadsheet for Excel & Google Sheets: Single-Tab Task Tracker,9.0,4.08,213.0,0 0 0 15 38 46 28 26 18 15 17 10,15 17 10,9,0.562,CLEAN,ACTIVE,Productivity planner user,VAGUE,v1:spreadsheet
EVERBEE ESTIMATE — NOT ETSY TRANSACTION DATA,KAMHMockLab,24.0,2555.0,4344118517,"Gildan 18500 Mockup Bundle | Flatlay 18500 Hoodie Mockups + Size Chart | Sweatshirt Mockup Bundle for POD Sellers, Gildan Hoodie Mockup",15.0,23.5,212.0,42 34 32 18 19 17 14 12 4 5 10 5,5 10 5,12,0.083,CLEAN,FADING,Merch / decor / design assets (any buyer),DESIGN,seller
EVERBEE ESTIMATE — NOT ETSY TRANSACTION DATA,NicheNotionStudio,22.0,1023.0,1873539466,"All-in-One Notion Project Management Dashboard | Project Tracker, Task Tracker & Work Planner | All-in-One Business Notion Template",19.0,24.99,212.0,15 29 32 23 21 19 23 14 5 17 2 12,17 2 12,12,0.207,CLEAN,FADING,Productivity planner user,VAGUE,v1:business;v1:notion
EVERBEE ESTIMATE — NOT ETSY TRANSACTION DATA,StudioVellure,18.0,660.0,4398066439,"Wedding Photography Pricing Guide Template, Romantic Canva Brochure, Photographer Luxury Price List",10.0,29.28,210.0,0 0 0 18 39 27 63 21 0 21 21 0,21 21 0,7,0.318,NEAR-CLEAN,ACTIVE,Wedding guest-facing decor,DESIGN,photographer
EVERBEE ESTIMATE — NOT ETSY TRANSACTION DATA,DianbyDesign,23.0,482.0,1824838766,Fundraising Order Form Template | Editable Fundraiser Tracker Form for Charity Donation Nonprofit Bake Sale Food Drive | Canva Customizable,21.0,1.6,210.0,34 68 18 30 0 15 15 0 0 15 15 0,15 15 0,8,0.436,CLEAN,FADING,Productivity planner user,VAGUE,v1:forms
EVERBEE ESTIMATE — NOT ETSY TRANSACTION DATA,PixelBloomDownloads,19.0,777.0,4356025785,"31 Day Fatty Liver Meal Plan, Liver Friendly Diet Plan for Nafld, Nash, Masld & Mash, Printable Guide for Daily Food Chart and Meal Planning",14.0,9.31,210.0,9 15 26 37 16 32 27 17 17 6 3 5,6 3 5,12,0.27,CLEAN,FADING,Unassigned,VAGUE,v1:meal
EVERBEE ESTIMATE — NOT ETSY TRANSACTION DATA,InnerLanternStudio,14.0,1174.0,4386755081,How to start solo  Journaling RPGs - Traveler’s Guide    + Playable 5-Minute Moment (PDF),12.0,0.9,210.0,0 0 13 7 0 2 18 20 20 40 52 38,40 52 38,9,0.179,CLEAN,ACTIVE,Traveler,VAGUE,v1:travel
EVERBEE ESTIMATE — NOT ETSY TRANSACTION DATA,WanderingwithLucy,23.0,546.0,1784744370,"Japan Trip Planner: Excel Spreadsheet Itinerary, Budget, Activities (Digital Download)",24.0,7.5,209.0,38 38 0 40 17 7 31 0 13 6 19 0,6 19 0,9,0.383,CLEAN,FADING,Household budgeter (#1-#7 live),LIVE_LL,v1:budget;v1:spreadsheet
EVERBEE ESTIMATE — NOT ETSY TRANSACTION DATA,MyHealthPrintables,22.0,940.0,1820223044,MAR | Medication Administration Record | Printable Medicine Record | Daily Medication Log | Health Tracking Sheet | Medicine Log Template,22.0,3.33,209.0,35 22 38 38 4 25 9 10 9 19 0 0,19 0 0,10,0.222,CLEAN,FADING,Caregiver (#11/#16 adjacent),LIVE_LL,v1:log;v1:medical
EVERBEE ESTIMATE — NOT ETSY TRANSACTION DATA,DreamlightPlannersCo,22.0,2134.0,4307879503,"Theme Park Digital Planner Stickers, Goodnotes Word Stickers, Digital Scrapbooking, Digital Notebook Stickers, Cute Travel Planning Designs",17.0,7.99,209.0,19 38 35 22 38 21 17 0 7 12 0 0,12 0 0,9,0.098,CLEAN,FADING,Merch / decor / design assets (any buyer),DESIGN,v1:travel
EVERBEE ESTIMATE — NOT ETSY TRANSACTION DATA,SarahsDayOff,20.0,687.0,4407561165,Dollhouse Sewing Pattern and Tutorial (with Mouse) - DIY Travel Dollhouse with 5 rooms - Mouse Doll with Clothes Sewing Pattern Included,11.0,17.0,208.0,0 0 32 16 18 64 14 16 32 16 0 0,16 0 0,8,0.303,CLEAN,FADING,Crafter (patterns),DESIGN,v1:travel
EVERBEE ESTIMATE — NOT ETSY TRANSACTION DATA,MAZEDAD,19.0,2448.0,4342952769,ALL VEHICLES +470GB +110BRANDS Mega Stl Pack,15.0,7.46,208.0,0 32 8 1 47 0 16 10 22 25 34 13,25 34 13,10,0.085,CLEAN,ACTIVE,Merch / decor / design assets (any buyer),DESIGN,v1:vehicle
EVERBEE ESTIMATE — NOT ETSY TRANSACTION DATA,Art3Dcase,20.0,2966.0,4435642691,1000+ WWII Tank vehicle STL Bundle | 3D Model for wargamming tank miniature for 3D Printing solid,9.0,11.11,208.0,0 0 0 45 64 9 22 5 27 9 18 9,9 18 9,9,0.07,CLEAN,ACTIVE,Merch / decor / design assets (any buyer),DESIGN,v1:vehicle
EVERBEE ESTIMATE — NOT ETSY TRANSACTION DATA,thetigerblooms,11.0,1690.0,4517720017,"Bookmark Laser cut Svg Bundle, Bookmark Svg Cricut, Wooden Laser Cut Files, Reading Bookmark Gift, Book Lover Gift, Teacher Gift Bookmark",4.0,1.9,207.0,0 0 0 0 0 0 0 0 23 46 35 103,46 35 103,4,0.122,NEAR-CLEAN,ACTIVE,Merch / decor / design assets (any buyer),DESIGN,v1:teacher
EVERBEE ESTIMATE — NOT ETSY TRANSACTION DATA,MockupsandMotion,12.0,1131.0,4429498451,Wall Art Size Guide Editable Canva Template for Etsy Sellers Digital Print Frame Printing Guide Comparison Chart Drag & Drop JPG PNG Mockup,10.0,2.42,205.0,0 0 0 10 5 22 41 32 41 14 35 5,14 35 5,9,0.181,CLEAN,ACTIVE,Merch / decor / design assets (any buyer),DESIGN,seller
EVERBEE ESTIMATE — NOT ETSY TRANSACTION DATA,BinderVault,7.0,1526.0,4465456218,"Mega Evolution: Ascended Heroes Set, 5 in 1 Binder Placeholders (Digital Download)",6.0,4.89,203.0,0 0 0 0 0 0 19 44 71 24 32 13,24 32 13,6,0.133,NEAR-CLEAN,ACTIVE,Unassigned,VAGUE,v1:binder
EVERBEE ESTIMATE — NOT ETSY TRANSACTION DATA,TheAusomeCorner,13.0,1981.0,4433894910,"Visual Schedule with Activity Icons - 5 Routine Slots - Autism ADHD Printable ABA Therapy Tool, Home school, ASD Special Education",8.0,3.27,202.0,0 0 0 0 31 39 25 19 17 15 23 33,15 23 33,8,0.102,CLEAN,ACTIVE,ADHD adult (excluded by brief),EXCLUDED_BY_BRIEF,v1:adhd;v1:homeschool
EVERBEE ESTIMATE — NOT ETSY TRANSACTION DATA,PrintsAndParenting,23.0,1130.0,1831348109,Printable Potty Time Sequence | Toilet Training Checklist Printable | Bathroom Routine Step by Step Toddler and Kids Visual Routine | Loo WC,23.0,2.25,202.0,11 17 16 30 21 18 22 14 19 12 11 11,12 11 11,12,0.179,CLEAN,ACTIVE,Unassigned,VAGUE,v1:checklist
EVERBEE ESTIMATE — NOT ETSY TRANSACTION DATA,LoveeeeGifts,12.0,202.0,4391200486,"Labor & Delivery Nurse PNG – Coquette Bow Mother and Baby Clipart, Nursing Medical Sublimation Design",9.0,2.37,200.0,0 0 0 6 44 50 28 47 0 0 6 19,0 6 19,7,0.99,NEAR-CLEAN,FADING,Merch / decor / design assets (any buyer),DESIGN,nurse;nursing;v1:medical
EVERBEE ESTIMATE — NOT ETSY TRANSACTION DATA,LebidkaFamilyArt,15.0,477.0,4348176458,"Custom Couple & Pet Portrait | Personalized Digital Illustration from Photo | Gift for Pet Lovers, Dog Mom, Cat Dad, Anniversary",14.0,33.0,200.0,20 10 70 20 40 0 13 17 0 0 0 10,0 0 10,8,0.419,CLEAN,FADING,Unassigned,VAGUE,v1:pet
EVERBEE ESTIMATE — NOT ETSY TRANSACTION DATA,TheSocialFriend,10.0,1341.0,4457912936,"Coastal Instagram Templates Canva, Scandi Aesthetic Social Media Templates, Travel Content Posts, Stories,  Carousels for Creators & Brands",8.0,5.2,200.0,0 0 0 0 0 20 40 48 20 52 20 0,52 20 0,6,0.149,NEAR-CLEAN,ACTIVE,Traveler,VAGUE,v1:travel
EVERBEE ESTIMATE — NOT ETSY TRANSACTION DATA,ValleyPresses,22.0,198.0,4400437962,Printable Duffle Bag Sewing Pattern PDF. Beginner & Intermediate Sewing Project | DIY Travel Bag with Step-by-Step Diagrams and Instructions,11.0,10.0,200.0,0 18 23 29 20 0 10 3 17 20 40 20,20 40 20,10,1.01,CLEAN,ACTIVE,Crafter (patterns),DESIGN,v1:travel
EVERBEE ESTIMATE — NOT ETSY TRANSACTION DATA,WallamoosePrintables,16.0,1987.0,4328739711,FULL POKEDEX: Gen 1-9 Pokédex Binder Placeholders,15.0,7.99,198.0,0 9 18 14 31 18 27 9 36 0 9 27,0 9 27,10,0.1,CLEAN,ACTIVE,IP / fan merch,DESIGN,v1:binder
EVERBEE ESTIMATE — NOT ETSY TRANSACTION DATA,ProPlanBloom,11.0,380.0,4387563915,Budget Mensuel et Annuel | Google Sheet  | Tableau de bord | Suivi financier | Budget Planner | Budget 2026,11.0,15.7,197.0,0 1 1 54 114 12 12 2 0 1 0 0,1 0 0,8,0.518,CLEAN,FADING,Household budgeter (#1-#7 live),LIVE_LL,v1:budget
EVERBEE ESTIMATE — NOT ETSY TRANSACTION DATA,PartyDesignHH,18.0,574.0,4455515830,ADHD Fine Motor Worksheets Printable | 68 Brain Gym Activities | Focus & Coordination Kids,8.0,17.42,196.0,0 0 0 0 2 48 49 31 22 13 14 17,13 14 17,8,0.341,CLEAN,ACTIVE,ADHD adult (excluded by brief),EXCLUDED_BY_BRIEF,v1:adhd
EVERBEE ESTIMATE — NOT ETSY TRANSACTION DATA,MaddyMadeStitchery,10.0,307.0,4494332100,Travel Diaper Pouch Pattern *PDF*,6.0,7.0,196.0,0 0 0 0 0 0 0 52 35 56 49 4,56 49 4,5,0.638,NEAR-CLEAN,ACTIVE,Crafter (patterns),DESIGN,v1:travel
EVERBEE ESTIMATE — NOT ETSY TRANSACTION DATA,TemplixaStudio,6.0,1666.0,4489068319,Crochet Quiet Book Pattern PDF | Busy Book for Toddlers | Montessori Toy | Educational Crochet Pattern | Kids Activity Book,6.0,12.0,195.0,0 0 0 0 0 0 13 26 35 82 13 26,82 13 26,6,0.117,NEAR-CLEAN,ACTIVE,Crafter (patterns),DESIGN,v1:business
EVERBEE ESTIMATE — NOT ETSY TRANSACTION DATA,MeevaDesigns,16.0,236.0,4357689217,"Baby First Foods Checklist | BLW Guide, Food Tracker (Printable PDF)",14.0,2.0,193.0,12 13 35 0 24 24 24 12 0 0 41 8,0 41 8,9,0.818,CLEAN,ACTIVE,Expecting / new parent,VAGUE,v1:checklist
EVERBEE ESTIMATE — NOT ETSY TRANSACTION DATA,StudioBonBini,20.0,272.0,1881815653,"Curaçao Travel Guide | E-book | 7-Day Itinerary, Practical Tips, Accommodations & Hidden Gems | English Version | PDF Download",19.0,18.56,193.0,14 0 0 0 20 48 22 18 41 24 6 0,24 6 0,8,0.71,CLEAN,ACTIVE,Traveler,VAGUE,v1:travel
EVERBEE ESTIMATE — NOT ETSY TRANSACTION DATA,DigitalmockGifts,15.0,480.0,4502350305,"USA CARFAX Fast VIN Check, Vehicle History Report, Digital Used Car Report",1.0,3.99,193.0,0 0 0 0 0 0 0 0 179 14 0 0,14 0 0,2,0.402,NEAR-CLEAN,FADING,Unassigned,VAGUE,v1:vehicle
EVERBEE ESTIMATE — NOT ETSY TRANSACTION DATA,StitchBloomFinds,13.0,3175.0,4446283263,"Dog Harness Sewing Pattern | Adjustable Pet Vest, Beginner Friendly (PDF Pattern)",9.0,9.0,192.0,0 0 0 0 20 22 6 45 51 2 22 24,2 22 24,8,0.06,CLEAN,ACTIVE,Crafter (patterns),DESIGN,v1:pet
EVERBEE ESTIMATE — NOT ETSY TRANSACTION DATA,AvtarVault,10.0,2596.0,4442655614,Custom Pet 3D Model STL File | Personalized Dog Cat Sculpture (Digital Download),9.0,25.0,192.0,0 0 0 0 0 8 42 59 12 39 20 12,39 20 12,7,0.074,NEAR-CLEAN,ACTIVE,Merch / decor / design assets (any buyer),DESIGN,v1:pet
EVERBEE ESTIMATE — NOT ETSY TRANSACTION DATA,PaddockArtPrints,21.0,658.0,4343232082,Custom Dog Portrait Linocut Print: Personalized Pet Memorial Gift (Digital Wall Art Printable),15.0,18.5,192.0,6 13 88 37 10 20 0 4 8 0 0 6,0 0 6,9,0.292,CLEAN,FADING,Merch / decor / design assets (any buyer),DESIGN,v1:pet
EVERBEE ESTIMATE — NOT ETSY TRANSACTION DATA,TrackifyPremium,21.0,1097.0,4383026537,"ADHD Book and Series Tracker Spreadsheet, Reading Journal, Digital Library (Google Sheets)",12.0,8.78,189.0,0 0 16 4 0 14 60 26 33 26 10 0,26 10 0,8,0.172,CLEAN,ACTIVE,ADHD adult (excluded by brief),EXCLUDED_BY_BRIEF,v1:adhd;v1:spreadsheet
EVERBEE ESTIMATE — NOT ETSY TRANSACTION DATA,Digitalhypesolutions,14.0,3047.0,4390498131,Coloring Placemat Sheet Toy Story Party Kid Activity Sheet Buzz Lightyear Toy Story Theme Party Busy Book Toy Story Jessie Birthday Woody TS,11.0,5.5,189.0,0 0 0 0 16 56 8 16 16 32 16 29,32 16 29,8,0.062,CLEAN,ACTIVE,IP / fan merch,DESIGN,v1:business
EVERBEE ESTIMATE — NOT ETSY TRANSACTION DATA,ModernMusePrinter,16.0,1665.0,4369538322,Baby's First 100 Foods Checklist | Baby Food Weaning Nutrition Guide | Baby Food Likes & Dislikes Rating Chart | New Parents Food Meal Guide,12.0,3.5,189.0,4 3 3 13 23 19 34 31 20 10 16 13,10 16 13,12,0.114,CLEAN,ACTIVE,Expecting / new parent,VAGUE,v1:checklist;v1:meal
EVERBEE ESTIMATE — NOT ETSY TRANSACTION DATA,RFCreationsLLC,23.0,830.0,1832810701,Aluminum business card Laser engraving Template jig,22.0,3.81,187.0,11 9 13 0 0 35 31 11 13 25 39 0,25 39 0,9,0.225,CLEAN,ACTIVE,Merch / decor / design assets (any buyer),DESIGN,v1:business
EVERBEE ESTIMATE — NOT ETSY TRANSACTION DATA,SkyMadeTreasures,18.0,2799.0,4304588648,"Gallbladder Diet Food Chart, Gallstones Food List, Gallbladder Support Meal Plan, Gallbladder Cleanse,  High Fiber Foods, Bile Support Guide",17.0,7.0,187.0,17 34 0 0 17 17 0 0 31 5 43 23,5 43 23,8,0.067,CLEAN,ACTIVE,Unassigned,VAGUE,v1:meal
EVERBEE ESTIMATE — NOT ETSY TRANSACTION DATA,pawfectpixco,18.0,829.0,4341756502,"Custom Gothic Portrait: Addams Family Style Drawing with Pets, Custom Witchy Couple, Digital Download",15.0,15.0,185.0,59 19 25 8 5 3 0 4 19 19 12 12,19 12 12,11,0.223,CLEAN,ACTIVE,Unassigned,VAGUE,v1:pet
EVERBEE ESTIMATE — NOT ETSY TRANSACTION DATA,SimplyRSDesign,22.0,2887.0,1826131490,"Medication List Card, Wallet Card, Pocket-Sized Medication Organizer, Medical Emergency Reference, Travel Card, Medical Information",22.0,3.11,183.0,39 0 15 21 0 18 0 36 0 18 18 18,18 18 18,8,0.063,CLEAN,ACTIVE,Caregiver (#11/#16 adjacent),LIVE_LL,v1:medical;v1:travel
EVERBEE ESTIMATE — NOT ETSY TRANSACTION DATA,YarnfriendsArt,11.0,790.0,4434016481,Horse Amigurumi Crochet Pattern | Stuffed Farm Animal Toy (Digital Download),8.0,5.75,182.0,0 0 0 0 5 8 18 21 52 16 36 26,16 36 26,8,0.23,CLEAN,ACTIVE,Crafter (patterns),DESIGN,horse
EVERBEE ESTIMATE — NOT ETSY TRANSACTION DATA,KomonoStudioMKE,20.0,742.0,1903562557,Boxy Zipper Pouch PDF Sewing Pattern with Custom Size Calculator,18.0,8.5,182.0,22 12 18 20 14 10 6 0 29 31 10 10,31 10 10,11,0.245,CLEAN,ACTIVE,Crafter (patterns),DESIGN,v1:calculator
EVERBEE ESTIMATE — NOT ETSY TRANSACTION DATA,JoyfulPrintsFR,23.0,2813.0,4342125398,"Watercolor Car Poster Set – Cute Cartoon Vehicle Wall Art for Kids Room, Nursery or Playroom Set of 6 Prints",15.0,14.59,182.0,13 0 13 13 24 15 39 13 11 16 12 13,16 12 13,11,0.065,CLEAN,ACTIVE,Merch / decor / design assets (any buyer),DESIGN,v1:vehicle
EVERBEE ESTIMATE — NOT ETSY TRANSACTION DATA,ChuArtCorner,20.0,1198.0,4489053262,3D Beaded Horse PDF Pattern | Peyote & Brick Stitch Tutorial | DIY Animal Charm | Advanced Beginner Step-by-Step Bead Pattern,6.0,6.75,180.0,0 0 0 0 0 0 0 45 30 75 27 3,75 27 3,5,0.15,NEAR-CLEAN,ACTIVE,Crafter (patterns),DESIGN,horse
EVERBEE ESTIMATE — NOT ETSY TRANSACTION DATA,DigitalWorldbyRS,14.0,2273.0,4535206478,"Editable Cottage Food Label, Printable Food Label, DIY Bakery Ingredient Label, Canva Template, Small Business Packaging Sticker",3.0,3.8,180.0,0 0 0 0 0 0 0 0 0 20 105 55,20 105 55,3,0.079,NEAR-CLEAN,ACTIVE,Merch / decor / design assets (any buyer),DESIGN,v1:business
EVERBEE ESTIMATE — NOT ETSY TRANSACTION DATA,ExclusiveVault,22.0,2957.0,4309098981,"Low Carb Meal Plan, Low Carb Food List, Keto Food List, Low Carb Grocery List, Low Carb Snack Ideas, Healthy Foods, Low Carb Food Chart",17.0,5.03,180.0,0 15 30 32 13 30 0 30 15 0 15 0,0 15 0,8,0.061,CLEAN,FADING,Unassigned,VAGUE,v1:meal
EVERBEE ESTIMATE — NOT ETSY TRANSACTION DATA,HelloSewing,18.0,3368.0,4317594164,"Dog bone neck pillow sewing pattern and tutorial, Easy Pillow pattern, Neck & Cervical Pillow, Bone Shaped Travel Neck Pillow  | VIDEO + PDF",16.0,5.0,180.0,12 20 16 0 0 0 34 15 11 48 12 12,48 12 12,9,0.053,CLEAN,ACTIVE,Crafter (patterns),DESIGN,v1:travel
EVERBEE ESTIMATE — NOT ETSY TRANSACTION DATA,TheHostessCo,24.0,1391.0,1843537400,Transportation Themed Second Birthday Invitation Editable Car Birthday Toddler Boy Download Honk Beep Zoom Choo Vehicles Theme Birthday Boy,21.0,10.0,180.0,38 58 12 12 0 6 6 12 20 4 10 2,4 10 2,11,0.129,CLEAN,FADING,Kids learning / party host,DESIGN,v1:vehicle
EVERBEE ESTIMATE — NOT ETSY TRANSACTION DATA,ShadyEscapes,17.0,801.0,4406586176,"Theme Park Vacation Photo Collage, Castle Photo Collage, Magical Vacation Picture Frames Paris, Magic Photo Frame Best Seller Wall Art",11.0,11.99,178.0,0 18 62 26 18 0 0 0 18 18 12 6,18 12 6,8,0.222,CLEAN,ACTIVE,Merch / decor / design assets (any buyer),DESIGN,seller
EVERBEE ESTIMATE — NOT ETSY TRANSACTION DATA,PiecebyPaper,18.0,932.0,4301715887,Log Cabin Block FPP Pattern: 6 Sizes (PDF Download),16.0,2.49,176.0,0 11 22 11 11 0 0 29 9 61 11 11,61 11 11,9,0.189,CLEAN,ACTIVE,Crafter (patterns),DESIGN,v1:log
EVERBEE ESTIMATE — NOT ETSY TRANSACTION DATA,TheCuriousBiochemist,12.0,2299.0,4463399623,"GLP-1 Food List Bundle, 7-Day High Protein Meal Plan & Grocery List PDF",7.0,14.75,173.0,0 0 0 0 0 0 20 54 38 24 20 17,24 20 17,6,0.075,NEAR-CLEAN,ACTIVE,Unassigned,VAGUE,v1:meal
EVERBEE ESTIMATE — NOT ETSY TRANSACTION DATA,AtelierOrla,5.0,489.0,4535074298,"Biweekly Paycheck Budget Planner, Envelope Organizer, Sinking Funds, Bill Calendar",3.0,8.99,172.0,0 0 0 0 0 0 0 0 0 29 81 62,29 81 62,3,0.352,NEAR-CLEAN,ACTIVE,Household budgeter (#1-#7 live),LIVE_LL,v1:budget
EVERBEE ESTIMATE — NOT ETSY TRANSACTION DATA,ZipDigitalStudio,9.0,810.0,4550176345,Instant Used Vehicle History Report | Fast PDF Delivery | Read Our Reviews,1.0,19.96,171.0,0 0 0 0 0 0 0 0 0 0 0 171,0 0 171,1,0.211,NEAR-CLEAN,ACTIVE,Unassigned,VAGUE,v1:vehicle
EVERBEE ESTIMATE — NOT ETSY TRANSACTION DATA,TinyBlueprintCo,5.0,817.0,4568010605,DIY Wooden Spring Rocking Horse Plans | 10-Step Woodworking Guide (PDF Download),1.0,16.9,170.0,0 0 0 0 0 0 0 0 0 0 0 170,0 0 170,1,0.208,NEAR-CLEAN,ACTIVE,Crafter (patterns),DESIGN,horse
EVERBEE ESTIMATE — NOT ETSY TRANSACTION DATA,CraftCloudsSVG,13.0,3136.0,4428068614,"Coach 1941 Svg Bundle, Coach Png, Commercial Use, Luxury Horse Carriage SVG, Vintage Fashion Carriage Logo, Silhouette, Digital download",10.0,8.0,170.0,0 0 0 34 14 3 17 34 17 31 7 13,31 7 13,9,0.054,CLEAN,ACTIVE,Merch / decor / design assets (any buyer),DESIGN,horse
EVERBEE ESTIMATE — NOT ETSY TRANSACTION DATA,LuxeDigitalBoss,21.0,598.0,1899401245,"Nurse Tumbler Wrap PNG, 20oz Skinny Nurse Sublimation Design, Pink Personalized Nurse Gift, Custom Nursing Student Gift",18.0,3.95,170.0,28 17 47 14 19 12 11 17 3 2 0 0,2 0 0,10,0.284,CLEAN,FADING,Merch / decor / design assets (any buyer),DESIGN,nurse;nursing;student
EVERBEE ESTIMATE — NOT ETSY TRANSACTION DATA,AtelierQuietPlans,9.0,285.0,4469945988,Complete cleaning planner system,6.0,5.64,170.0,0 0 0 0 0 0 0 34 55 13 6 62,13 6 62,5,0.596,NEAR-CLEAN,ACTIVE,Productivity planner user,VAGUE,v1:cleaning
EVERBEE ESTIMATE — NOT ETSY TRANSACTION DATA,Penginn,19.0,2880.0,4503656946,Petite Case Sewing Pattern PDF | Airpod Case Pattern | DIY Travel Case | Beginner Friendly Earbuds Case | Videp Tutorial (Instant Download),5.0,6.5,170.0,0 0 0 0 0 0 0 13 26 79 7 45,79 7 45,5,0.059,NEAR-CLEAN,ACTIVE,Crafter (patterns),DESIGN,v1:travel
EVERBEE ESTIMATE — NOT ETSY TRANSACTION DATA,STLFlexi,20.0,1107.0,4524096984,"30M+ STL Files Bundle, Ultimate 3D Printing Library, Fantasy, Miniatures, Vehicles, Flexi Dragons, Articulated STL Pack, Commercial License",4.0,14.54,170.0,0 0 0 0 0 0 0 0 9 45 65 51,45 65 51,4,0.154,NEAR-CLEAN,ACTIVE,Merch / decor / design assets (any buyer),DESIGN,v1:vehicle
EVERBEE ESTIMATE — NOT ETSY TRANSACTION DATA,DesignByCSD,14.0,2070.0,4362322195,"Nature Horse Machine Embroidery Pattern, Horse Silhouette Embroidery Design, Realistic Horse Embroidery File, 5 Sizes, Instant Download.",13.0,5.0,169.0,13 14 38 0 13 13 13 13 39 0 3 10,0 3 10,10,0.082,CLEAN,FADING,Merch / decor / design assets (any buyer),DESIGN,horse
EVERBEE ESTIMATE — NOT ETSY TRANSACTION DATA,JameelCraftsCo,7.0,2018.0,4459616192,"220000+ Mega Svg Bundle Files, Dtf Designs, Cricut Files, Lifetime Access, Insant Download, For Etsy Sellers,Holiday Svg,Cartoon Svg Bundle",2.0,4.99,169.0,0 0 0 0 0 0 32 115 12 0 10 0,0 10 0,4,0.084,NEAR-CLEAN,FADING,Merch / decor / design assets (any buyer),DESIGN,seller
EVERBEE ESTIMATE — NOT ETSY TRANSACTION DATA,SunnyKiteHill,13.0,1688.0,4466804308,Gamified ADHD Planner Bundle | RPG Fantasy Quest Log & Life Organizer | Neurodivergent Executive Function | Adult Chore Cards Budget Meals,6.0,11.99,169.0,0 0 0 0 0 0 26 42 49 26 14 12,26 14 12,6,0.1,NEAR-CLEAN,ACTIVE,ADHD adult (excluded by brief),EXCLUDED_BY_BRIEF,v1:adhd;v1:budget;v1:log;v1:meal
EVERBEE ESTIMATE — NOT ETSY TRANSACTION DATA,SmplDigitalBySana,15.0,649.0,4393926696,"16 Editable K-pop Demon Hunters Coloring Bookmarks | Canva Template | For Kids, Students & K-pop Fans | Digital Download | Demon Hunter Art",12.0,1.99,168.0,0 28 28 14 24 18 14 14 0 14 14 0,14 14 0,9,0.259,CLEAN,ACTIVE,Student (general),VAGUE,student
EVERBEE ESTIMATE — NOT ETSY TRANSACTION DATA,AshleysArtsyCove,20.0,814.0,4420700740,"Ultimate 2026 LDS Young Women Planner, ""Walk with Me"" Moses 6:34 Youth theme, YW Presidency binder planner download, Editable in Canva",9.0,15.0,168.0,0 0 0 29 106 27 3 1 0 0 1 1,0 1 1,7,0.206,NEAR-CLEAN,FADING,Productivity planner user,VAGUE,v1:binder
EVERBEE ESTIMATE — NOT ETSY TRANSACTION DATA,AlKarimDesign,12.0,1557.0,4539214219,Dog Baseball Cap Pattern | Puppy Dog Hat PDF Sewing Pattern | Adjustable Pet Cap Tutorial | Small Dog Sun Hat | DIY Pet Costume,3.0,7.0,168.0,0 0 0 0 0 0 0 0 0 15 102 51,15 102 51,3,0.108,NEAR-CLEAN,ACTIVE,Crafter (patterns),DESIGN,v1:pet
EVERBEE ESTIMATE — NOT ETSY TRANSACTION DATA,FinalChanceDesign,8.0,2180.0,4540859062,Mini Duffel Bag Sewing Pattern PDF | 2 Sizes Included | Cube Bag Pattern | Printable PDF | DIY Travel Bag | Instant Download,3.0,1.99,168.0,0 0 0 0 0 0 0 0 0 24 66 78,24 66 78,3,0.077,NEAR-CLEAN,ACTIVE,Crafter (patterns),DESIGN,v1:travel
EVERBEE ESTIMATE — NOT ETSY TRANSACTION DATA,Mid0teeShop,10.0,403.0,4521423968,"Shopping Busy Book for Toddlers, Printable Grocery Game, Preschool Learning Binder, Toddler Busy Board, File Folder, Digital Download",4.0,3.38,166.0,0 0 0 0 0 0 0 0 0 31 59 76,31 59 76,3,0.412,NEAR-CLEAN,ACTIVE,Kids learning / party host,DESIGN,v1:binder
EVERBEE ESTIMATE — NOT ETSY TRANSACTION DATA,9WallsStudio,9.0,569.0,4462017760,Complete National Pokédex Binder Placeholder Set (001–1025) (PDF Download),8.0,2.82,165.0,0 0 0 0 0 0 30 30 2 28 72 3,28 72 3,6,0.29,NEAR-CLEAN,ACTIVE,IP / fan merch,DESIGN,v1:binder
EVERBEE ESTIMATE — NOT ETSY TRANSACTION DATA,thedashboardstudioco,9.0,163.0,4469956431,Mortgage Payoff Tracker Spreadsheet | Amortization Schedule | Extra Payment Calculator | Google Sheets Template,7.0,7.72,165.0,0 0 0 0 0 30 25 20 15 57 3 15,57 3 15,7,1.012,NEAR-CLEAN,ACTIVE,Productivity planner user,VAGUE,v1:calculator;v1:spreadsheet
EVERBEE ESTIMATE — NOT ETSY TRANSACTION DATA,TripleThreadLabs,21.0,382.0,4391368492,"Embroidery Pricing Calculator with Quote Builder, Profit Tracker and Pricing Guide",12.0,24.99,165.0,0 11 22 0 11 0 13 29 35 22 11 11,22 11 11,9,0.432,CLEAN,ACTIVE,Merch / decor / design assets (any buyer),DESIGN,v1:calculator
EVERBEE ESTIMATE — NOT ETSY TRANSACTION DATA,GalleryPrintsbySK,12.0,1809.0,4490879620,"Modern Western Horse Wall Art Printable, Cowboy Abstract Painting, Large Olive Green Equestrian Art Print, Rustic Ranch Decor",6.0,5.57,161.0,0 0 0 0 0 0 1 28 32 54 25 21,54 25 21,6,0.089,NEAR-CLEAN,ACTIVE,Merch / decor / design assets (any buyer),DESIGN,horse
EVERBEE ESTIMATE — NOT ETSY TRANSACTION DATA,DesignsbyJLaz,13.0,430.0,4391280055,Automated Invoice Tracker & Template | Smart workflow Excel - Google Sheets | 5* Top Service - Easy Setup,12.0,11.23,161.0,6 4 0 0 20 69 22 10 13 17 0 0,17 0 0,8,0.374,CLEAN,FADING,Productivity planner user,VAGUE,v1:invoice
EVERBEE ESTIMATE — NOT ETSY TRANSACTION DATA,DIYtemplateCLUB,20.0,552.0,4324367589,Pottery Travel Mug Template: DIY Slab Cup with Photo Tutorial (PDF Pattern),15.0,7.38,161.0,12 12 17 15 28 17 14 22 13 6 3 2,6 3 2,12,0.292,CLEAN,FADING,Crafter (patterns),DESIGN,v1:travel
EVERBEE ESTIMATE — NOT ETSY TRANSACTION DATA,StackedFindsArt,4.0,844.0,4559642744,100+ Pokemon Extended Art Binder Pages Bundle | Printable Binder Cover Set | Digital Trading Card Album Art | Pokemon TCG Binder Bundle,2.0,16.0,160.0,0 0 0 0 0 0 0 0 0 0 47 113,0 47 113,2,0.19,NEAR-CLEAN,ACTIVE,IP / fan merch,DESIGN,v1:binder
EVERBEE ESTIMATE — NOT ETSY TRANSACTION DATA,PixelTemplateKing,20.0,633.0,4526984146,Printable Durable Power of Attorney Template. Durable Power of Attorney Form. POA Form. POA Agreement. Google Docs Word PDF Instant Download,4.0,3.0,160.0,0 0 0 0 0 0 0 0 0 23 23 114,23 23 114,3,0.253,NEAR-CLEAN,ACTIVE,Kids learning / party host,DESIGN,v1:forms
EVERBEE ESTIMATE — NOT ETSY TRANSACTION DATA,BrooknBloom,10.0,2582.0,4429020874,"Travel Magazine Template For Best Friend, Travel Memory Book, Photo Album",9.0,10.42,160.0,0 0 0 0 14 16 13 20 24 7 22 44,7 22 44,8,0.062,CLEAN,ACTIVE,Traveler,VAGUE,v1:travel
EVERBEE ESTIMATE — NOT ETSY TRANSACTION DATA,HJUSLeatherCrafts,17.0,574.0,4421725473,"Passport Holder Pattern, Travel Wallet, Handmade Leather Diary, Digital PDF Download",10.0,5.5,160.0,0 0 0 30 32 38 10 0 6 14 10 20,14 10 20,8,0.279,CLEAN,ACTIVE,Crafter (patterns),DESIGN,v1:travel
EVERBEE ESTIMATE — NOT ETSY TRANSACTION DATA,LelikPrintables,15.0,696.0,4388198211,"Toddler Educational Posters Bundle, 13 Learning Prints for Kids, Classroom & Daycare Wall Art,  Printable Alphabet, Numbers Playroom Decor",11.0,2.82,158.0,0 0 5 18 35 22 19 23 18 5 1 12,5 1 12,10,0.227,CLEAN,FADING,Merch / decor / design assets (any buyer),DESIGN,daycare
EVERBEE ESTIMATE — NOT ETSY TRANSACTION DATA,DailyPlansCoStore,19.0,1430.0,4352606271,"Printable Weekly Budget Planner – Weekly Budget Worksheet, Savings & Expense Tracker, Bullet Journal Budget Log, Printable Finance Tracker",14.0,6.19,156.0,16 13 22 21 12 10 13 12 10 9 12 6,9 12 6,12,0.109,CLEAN,ACTIVE,Household budgeter (#1-#7 live),LIVE_LL,v1:budget;v1:log
EVERBEE ESTIMATE — NOT ETSY TRANSACTION DATA,EllesthetiqueShop,16.0,472.0,4321930652,"Gamify Your Life Planner Notion Template | with Personal Finance, Habits, Meal Planners & more!",16.0,28.12,156.0,5 67 30 6 0 24 10 2 0 12 0 0,12 0 0,8,0.331,CLEAN,FADING,Productivity planner user,VAGUE,v1:meal;v1:notion
EVERBEE ESTIMATE — NOT ETSY TRANSACTION DATA,AlicePixelStudio,19.0,2053.0,4316994231,250 Vintage USA Travel Poster Bundle | American City Prints (Instant Download) | All 50 States,16.0,20.23,156.0,13 13 13 0 24 2 13 26 0 26 13 13,26 13 13,10,0.076,CLEAN,ACTIVE,Merch / decor / design assets (any buyer),DESIGN,v1:travel
EVERBEE ESTIMATE — NOT ETSY TRANSACTION DATA,SoftRebelsShop,22.0,410.0,4327576271,"Customizable Digital Travel Itinerary: Vacation, Group & Business Trip Planner PDF Template",16.0,2.5,155.0,0 0 1 1 0 5 36 34 22 23 18 15,23 18 15,9,0.378,CLEAN,ACTIVE,Traveler,VAGUE,v1:travel
EVERBEE ESTIMATE — NOT ETSY TRANSACTION DATA,OmniaAssets,7.0,542.0,4499642065,Duffle Bag Sewing Pattern | Travel Bag Pattern | PDF Sewing Pattern | Large Bag Pattern | Beginner Pattern | Bag Pattern | Sewing Pattern,4.0,16.0,155.0,0 0 0 0 0 0 0 0 0 30 18 107,30 18 107,3,0.286,NEAR-CLEAN,ACTIVE,Crafter (patterns),DESIGN,v1:travel
EVERBEE ESTIMATE — NOT ETSY TRANSACTION DATA,EmbroideryLoveST,10.0,196.0,4427687190,"Polo Ralph Lauren logo. Ralph Lauren. Polo horse logo. Embroidered design, used for embroidery machines. Pes Ralph Lauren polo. Sticker polo",10.0,2.25,154.0,0 0 22 25 19 11 11 0 42 2 5 17,2 5 17,9,0.786,CLEAN,ACTIVE,Merch / decor / design assets (any buyer),DESIGN,horse
EVERBEE ESTIMATE — NOT ETSY TRANSACTION DATA,NOVAPLANCO,20.0,1073.0,1860622742,"450 Digital Note-Taking Templates – Colorful Note Templates – Multi-Layout Templates – Student Note Templates | Android, iPad Note Templates",20.0,1.81,154.0,14 14 14 0 14 0 0 52 18 0 14 14,0 14 14,8,0.144,CLEAN,ACTIVE,Student (general),VAGUE,student
EVERBEE ESTIMATE — NOT ETSY TRANSACTION DATA,RuralRootsByHailey,20.0,1240.0,4461474430,"Wranglin Students PNG, Western Boho Teacher T-Shirt (Digital Download)",7.0,2.78,154.0,0 0 0 0 0 0 1 33 35 18 51 16,18 51 16,6,0.124,NEAR-CLEAN,ACTIVE,Merch / decor / design assets (any buyer),DESIGN,student
EVERBEE ESTIMATE — NOT ETSY TRANSACTION DATA,CraftlySVG,15.0,2866.0,4342108722,"Construction Vehicles SVG Bundle: Trucks, Crane, Bulldozer (Digital Download)",15.0,2.38,154.0,28 28 26 2 0 14 24 4 0 14 14 0,14 14 0,9,0.054,CLEAN,ACTIVE,Merch / decor / design assets (any buyer),DESIGN,v1:vehicle
EVERBEE ESTIMATE — NOT ETSY TRANSACTION DATA,TheGreatZone,22.0,198.0,4359336210,"Premium Black Horse Embroidery Design, Horse Machine Embroidery Files, WildLife Animal Embroidery Digitizing Pattern, Instant Download Files",14.0,6.65,153.0,9 0 0 36 36 27 9 18 0 6 12 0,6 12 0,8,0.773,CLEAN,FADING,Merch / decor / design assets (any buyer),DESIGN,horse
EVERBEE ESTIMATE — NOT ETSY TRANSACTION DATA,Spiritualliter,12.0,235.0,4378324554,Hypno Therapy Tapes Digital Download. Expanded Consciousness Audio Training Spiritual Occult Astral Travel,12.0,26.0,153.0,0 9 18 16 54 2 36 9 0 9 0 0,9 0 0,8,0.651,CLEAN,FADING,Therapist / BCBA / counselor (excluded: Dept #2 clinical path),EXCLUDED_BY_BRIEF,v1:travel
EVERBEE ESTIMATE — NOT ETSY TRANSACTION DATA,PokeProgressTCG,14.0,1292.0,4373253430,Mega Evolution Base Set Master Set and Complete Set Binder Placeholders + Printable Checklist | Pokémon TCG | PDF Digital Download,13.0,3.32,151.0,43 18 25 29 9 9 0 0 9 9 0 0,9 0 0,8,0.117,CLEAN,FADING,IP / fan merch,DESIGN,v1:binder;v1:checklist
EVERBEE ESTIMATE — NOT ETSY TRANSACTION DATA,MoCliplyStudio,19.0,2133.0,4307597257,"25 Graduation Girl Clipart Bundle, Graduation clipart, Student Grad Designs, Printable Watercolor, Female Graduate Illustrations, PNG",17.0,4.99,150.0,17 13 15 0 12 18 2 43 0 19 11 0,19 11 0,9,0.07,CLEAN,ACTIVE,Merch / decor / design assets (any buyer),DESIGN,student
EVERBEE ESTIMATE — NOT ETSY TRANSACTION DATA,TheOrganizedNotary,15.0,286.0,4334034182,"Notary Loan Signing Cheat Sheet Binder: Mobile Notary Guide (Digital Download, 24-Page PDF)",15.0,14.99,150.0,10 30 10 10 20 0 0 20 10 20 0 20,20 0 20,9,0.524,CLEAN,ACTIVE,Notary (excluded: Dept #2),EXCLUDED_BY_BRIEF,v1:binder
EVERBEE ESTIMATE — NOT ETSY TRANSACTION DATA,DigitalTwistShop,15.0,885.0,4428704681,"Editable Vehicle Inspection Report PDF for Auto Repair | Printable Car or Equipment Rental Inspection Sheet, Instant Downloads",10.0,1.99,150.0,0 0 0 13 29 8 0 17 25 8 25 25,8 25 25,8,0.169,CLEAN,ACTIVE,Unassigned,VAGUE,v1:rental;v1:vehicle
EVERBEE ESTIMATE — NOT ETSY TRANSACTION DATA,VeiledHaus,5.0,258.0,4520120960,Wedding Website Invitation with RSVP form & editable Monogram | Canva Template,4.0,15.87,149.0,0 0 0 0 0 0 0 0 2 21 45 81,21 45 81,4,0.578,NEAR-CLEAN,ACTIVE,Merch / decor / design assets (any buyer),DESIGN,v1:forms
EVERBEE ESTIMATE — NOT ETSY TRANSACTION DATA,TeesCardVault,11.0,756.0,4478501614,Pokémon Perfect Order Master Set Binder Placeholders + Checklist | Printable PDF | Reverse Holo + Holo + Normal - Colored / Grayscale,6.0,1.99,148.0,0 0 0 0 0 0 10 42 47 20 19 10,20 19 10,6,0.196,NEAR-CLEAN,ACTIVE,IP / fan merch,DESIGN,v1:binder;v1:checklist
EVERBEE ESTIMATE — NOT ETSY TRANSACTION DATA,Readin5minutes,17.0,231.0,4334614742,"Life Skills Workbook for Teens & Young Adults: Budgeting, Hygiene (Printable PDF)",15.0,7.71,148.0,22 14 14 0 0 14 0 14 14 28 18 10,28 18 10,9,0.641,CLEAN,ACTIVE,Household budgeter (#1-#7 live),LIVE_LL,v1:budget
EVERBEE ESTIMATE — NOT ETSY TRANSACTION DATA,thisstoryaintover,20.0,579.0,1857006469,Ultimate Book Tracker Notion Template: Preloaded Library Database 2026 Notion Template,19.0,21.68,147.0,27 0 32 21 31 4 8 6 10 0 8 0,0 8 0,9,0.254,CLEAN,FADING,Productivity planner user,VAGUE,v1:notion
EVERBEE ESTIMATE — NOT ETSY TRANSACTION DATA,DragonHoardTemplates,14.0,177.0,4372860145,"2026 ADHD Notion Gamified RPG Template Digital Planner: Habit Tracking, Goal Setting, ADHD Planner, Reward Based, All in one system",13.0,29.99,145.0,5 7 13 15 10 8 22 27 14 10 6 8,10 6 8,12,0.819,CLEAN,ACTIVE,ADHD adult (excluded by brief),EXCLUDED_BY_BRIEF,v1:adhd;v1:notion
EVERBEE ESTIMATE — NOT ETSY TRANSACTION DATA,DoctorsDnardo,6.0,657.0,4497477338,Customized Urgent Care Doctor’s Note | Same Day Medical Excuse (PDF),6.0,6.0,145.0,0 0 0 0 0 0 0 13 5 7 29 91,7 29 91,5,0.221,NEAR-CLEAN,ACTIVE,Unassigned,VAGUE,v1:medical
EVERBEE ESTIMATE — NOT ETSY TRANSACTION DATA,RoseMoonDesignsCo,18.0,753.0,4317123181,"Tiny Human Tamer Tumbler Wrap PNG, Preschool Teacher Tumbler Wraps, Daycare worker Gift, 20oz Tumbler Sublimation Design, Mom Digital PNG",16.0,1.99,144.0,3 15 53 3 5 1 12 38 4 0 4 6,0 4 6,11,0.191,CLEAN,FADING,Merch / decor / design assets (any buyer),DESIGN,daycare
EVERBEE ESTIMATE — NOT ETSY TRANSACTION DATA,BehalCrafts,21.0,1706.0,1887280846,"Crochet Horse Rattle Amigurumi Pattern, Baby Toy (PDF Pattern)",18.0,6.0,144.0,6 22 8 0 0 0 12 24 12 12 36 12,12 36 12,9,0.084,CLEAN,ACTIVE,Crafter (patterns),DESIGN,horse
EVERBEE ESTIMATE — NOT ETSY TRANSACTION DATA,CellRise,14.0,532.0,4379419140,Eisenhower Matrix Spreadsheet Decision Matrix Google Sheets Task Priority Tracker Urgent Important Matrix ADHD Productivity Planner,12.0,5.61,144.0,0 0 0 32 16 0 16 2 46 16 10 6,16 10 6,8,0.271,CLEAN,ACTIVE,ADHD adult (excluded by brief),EXCLUDED_BY_BRIEF,v1:adhd
EVERBEE ESTIMATE — NOT ETSY TRANSACTION DATA,Xclusivetemplate,2.0,571.0,4558982112,Life Planner Spreadsheet | Google sheet | Budget Tracker Template Task To Do List Habit Productivity Goal Daily Planner Digital Calendar,2.0,6.99,144.0,0 0 0 0 0 0 0 0 0 0 68 76,0 68 76,2,0.252,NEAR-CLEAN,ACTIVE,Household budgeter (#1-#7 live),LIVE_LL,v1:budget;v1:spreadsheet
EVERBEE ESTIMATE — NOT ETSY TRANSACTION DATA,FusionDigiStudio,19.0,1961.0,4504244093,300+ Vehicle Laser Cut Files svg dxf cdr | wooden model plans | laser vehicles,5.0,7.0,144.0,0 0 0 0 0 0 0 19 66 23 19 17,23 19 17,5,0.073,NEAR-CLEAN,ACTIVE,Merch / decor / design assets (any buyer),DESIGN,v1:vehicle
EVERBEE ESTIMATE — NOT ETSY TRANSACTION DATA,MindfullnesCo,14.0,464.0,4351825991,Kids ADHD Worksheets Bundle 40 Pages | ADHD Activities Printable | Executive Function Tools | Instant Download PDF,13.0,8.9,142.0,8 23 25 16 24 7 11 9 10 4 3 2,4 3 2,12,0.306,CLEAN,FADING,ADHD adult (excluded by brief),EXCLUDED_BY_BRIEF,v1:adhd
EVERBEE ESTIMATE — NOT ETSY TRANSACTION DATA,GlowPixelCreation,17.0,646.0,4541033038,Fashion Magazine Cover Print | Coastal Europe Travel Poster | Mediterranean Wall Art | Dorm Decor,3.0,5.61,142.0,0 0 0 0 0 0 0 0 0 3 120 19,3 120 19,3,0.22,NEAR-CLEAN,ACTIVE,Merch / decor / design assets (any buyer),DESIGN,v1:travel
EVERBEE ESTIMATE — NOT ETSY TRANSACTION DATA,SlabTownStudio,18.0,434.0,1905785271,"Vintage Matchbox Art of Augusta National | Retro Golf Lover Wall Decor Prints | PGA tour | travel art | Golf Poster, digital download",18.0,9.12,139.0,15 22 20 15 9 7 13 4 7 8 12 7,8 12 7,12,0.32,CLEAN,ACTIVE,Merch / decor / design assets (any buyer),DESIGN,v1:travel
EVERBEE ESTIMATE — NOT ETSY TRANSACTION DATA,MockAuraStudio,15.0,1290.0,4533553858,MEGA Gildan Mockup Bundle | 400+ Gildan T-Shirt Mockups | 150+ Shirt Colors | Complete POD Seller Starter Kit | Digital Download,3.0,3.49,138.0,0 0 0 0 0 0 0 0 0 54 63 21,54 63 21,3,0.107,NEAR-CLEAN,ACTIVE,Merch / decor / design assets (any buyer),DESIGN,seller
EVERBEE ESTIMATE — NOT ETSY TRANSACTION DATA,99withBarakah,17.0,1363.0,4501264160,Editable Nikkah Certificate DIY Islamic Nikah Nama Canva Template Nikkah Contract (Digital Download),5.0,10.55,138.0,0 0 0 0 0 0 0 18 18 42 48 12,42 48 12,5,0.101,NEAR-CLEAN,ACTIVE,Kids learning / party host,DESIGN,v1:contract
EVERBEE ESTIMATE — NOT ETSY TRANSACTION DATA,DokodemoJapan,16.0,206.0,4359814834,Japan Custom Food Allergy Card + Food Label Guide | English Japanese Travel Translation for Restaurants,14.0,14.9,138.0,68 13 8 7 26 9 0 0 0 0 3 4,0 3 4,8,0.67,CLEAN,FADING,Traveler,VAGUE,v1:travel
EVERBEE ESTIMATE — NOT ETSY TRANSACTION DATA,PixelMorphStudio,8.0,267.0,4477716248,"Custom Graduation Action Figure, Personalized Toy Box Portrait, Class of 2026 Gift, Student Figurine, Digital File",7.0,13.99,137.0,0 0 0 0 0 0 42 69 2 12 12 0,12 12 0,5,0.513,NEAR-CLEAN,ACTIVE,Student (general),VAGUE,student
EVERBEE ESTIMATE — NOT ETSY TRANSACTION DATA,DesignReCrafts,12.0,2343.0,4537036344,Helping Tiny Humans Do Big Things Png Preppy Teacher Shirt Design Trendy Smiley Face Daycare Educator Graphic Back To School Clipart,3.0,3.98,136.0,0 0 0 0 0 0 0 0 0 53 15 68,53 15 68,3,0.058,NEAR-CLEAN,ACTIVE,Merch / decor / design assets (any buyer),DESIGN,daycare
EVERBEE ESTIMATE — NOT ETSY TRANSACTION DATA,StrigoiStudioDE,13.0,610.0,4391283802,"2026, 2027 Digital Academic Planner: Student Productivity Planner, iPad, GoodNotes, Android Compatible (Digital Download)",12.0,5.63,136.0,0 2 18 91 6 9 2 4 0 0 2 2,0 2 2,9,0.223,CLEAN,FADING,Student (general),VAGUE,student
EVERBEE ESTIMATE — NOT ETSY TRANSACTION DATA,FoilerDigitalStudio,11.0,181.0,4408623327,Raw Editorial Lightroom Preset Pack | Moody and Clean Fashion Style | Wedding Photography Editing Tools,11.0,32.52,136.0,0 0 1 21 5 9 18 25 19 2 19 17,2 19 17,10,0.751,CLEAN,ACTIVE,Merch / decor / design assets (any buyer),DESIGN,v1:cleaning
EVERBEE ESTIMATE — NOT ETSY TRANSACTION DATA,DigitalsbyHyphen,21.0,653.0,1850888986,19 Notarial Certificates Bundle: Printable Notary Forms (PDF),21.0,12.99,136.0,16 28 29 23 0 8 16 0 8 6 2 0,6 2 0,9,0.208,CLEAN,FADING,Notary (excluded: Dept #2),EXCLUDED_BY_BRIEF,v1:forms
EVERBEE ESTIMATE — NOT ETSY TRANSACTION DATA,EyelovePlanning,21.0,1153.0,4346197588,Monthly Bill Tracker for reMarkable Paper Pro | Subscription + Bill Payment Tracker | Finance Organizer reMarkable 2 Monthly Budget Planning,13.0,5.67,135.0,0 15 15 2 28 30 15 0 12 3 15 0,3 15 0,9,0.117,CLEAN,FADING,Household budgeter (#1-#7 live),LIVE_LL,v1:budget
EVERBEE ESTIMATE — NOT ETSY TRANSACTION DATA,SheetsOfManyThings,6.0,352.0,4487512824,D&D 5e Character Sheets | Form Fillable PDFs | Canva Template | Class Optimized Design,6.0,7.29,134.0,0 0 0 0 0 0 5 36 39 23 18 13,23 18 13,6,0.381,NEAR-CLEAN,ACTIVE,Kids learning / party host,DESIGN,v1:forms
EVERBEE ESTIMATE — NOT ETSY TRANSACTION DATA,MountainGreenGoods,11.0,151.0,4510308782,Baby First Foods Printable Checklist | 100 Foods Tracker for Babies | Baby Led Weaning PDF | Food Introduction & Allergen Chart,5.0,1.99,133.0,0 0 0 0 0 0 0 0 13 48 53 19,48 53 19,4,0.881,NEAR-CLEAN,ACTIVE,Expecting / new parent,VAGUE,v1:checklist
EVERBEE ESTIMATE — NOT ETSY TRANSACTION DATA,EverLuxeLoom,8.0,533.0,4466632300,Tic Tac Toe Quilt Pattern – Beginner Travel Game Board (Digital PDF Download),7.0,7.0,133.0,0 0 0 0 0 0 17 0 17 17 34 48,17 34 48,5,0.25,NEAR-CLEAN,ACTIVE,Crafter (patterns),DESIGN,v1:travel
EVERBEE ESTIMATE — NOT ETSY TRANSACTION DATA,AuroraAndBlush,14.0,2383.0,4413947121,Travel Fund Savings Challenge Save 2000 A5 Savings Inserts Cash Stuffing Binder Tracker Cash Tracker Printable Vacation Savings Challenge,11.0,5.99,133.0,0 0 35 28 7 19 23 7 7 0 7 0,0 7 0,8,0.056,CLEAN,FADING,Household budgeter (#1-#7 live),LIVE_LL,v1:travel
EVERBEE ESTIMATE — NOT ETSY TRANSACTION DATA,AishPatels,20.0,506.0,4328590836,Notion Template Social Media Content Planner Content Calendar Notion Youtube Instagram Tiktok Planner Notion Dashboard Content Plan,15.0,9.99,130.0,7 9 24 34 17 9 7 7 8 3 4 1,3 4 1,12,0.257,CLEAN,FADING,Productivity planner user,VAGUE,v1:notion
EVERBEE ESTIMATE — NOT ETSY TRANSACTION DATA,grandeeneey,14.0,1688.0,4518731815,"School Grades PNG Bundle, Pre K to 4th Grade Shirt Designs, Back to School Grade Level PNG Bundle for Students Teachers",4.0,7.99,128.0,0 0 0 0 0 0 0 0 0 59 37 32,59 37 32,3,0.076,NEAR-CLEAN,ACTIVE,Merch / decor / design assets (any buyer),DESIGN,student
EVERBEE ESTIMATE — NOT ETSY TRANSACTION DATA,DRAAPARHASSAN,21.0,851.0,1882915761,"Neurodiverse Universe Png, Special Education Png, Autism Awareness Png, Retro Planet Png, Special Education Svg, Adhd Png, Mental Health Svg",19.0,2.41,128.0,5 5 7 10 15 42 24 6 1 4 7 2,4 7 2,12,0.15,CLEAN,FADING,Merch / decor / design assets (any buyer),DESIGN,v1:adhd
EVERBEE ESTIMATE — NOT ETSY TRANSACTION DATA,Hmd3d,12.0,805.0,4500890289,150+ Kit Card STL Bundle | 50GB Military Tanks & Vehicles | 3D Print Pocket Tools Gadgets | WWII Models | Digital Download for 3D Printing,5.0,5.0,126.0,0 0 0 0 0 0 0 22 10 54 22 18,54 22 18,5,0.157,NEAR-CLEAN,ACTIVE,Merch / decor / design assets (any buyer),DESIGN,v1:vehicle
EVERBEE ESTIMATE — NOT ETSY TRANSACTION DATA,BalancedDailyCo,6.0,650.0,4561486244,"Kids Daily Routine Checklist | Editable School Day Checklist | Morning, After School & Evening | Canva Template",2.0,3.62,121.0,0 0 0 0 0 0 0 0 0 0 22 99,0 22 99,2,0.186,NEAR-CLEAN,ACTIVE,Kids learning / party host,DESIGN,v1:checklist
EVERBEE ESTIMATE — NOT ETSY TRANSACTION DATA,KnotTheoryFinds,9.0,857.0,4461756986,"Crochet Horse Rug Pattern, Nursery Animal Mat, Farmhouse Decor (PDF Download)",8.0,9.52,120.0,0 0 0 0 2 62 26 10 10 0 10 0,0 10 0,6,0.14,NEAR-CLEAN,FADING,Crafter (patterns),DESIGN,horse
EVERBEE ESTIMATE — NOT ETSY TRANSACTION DATA,ARGraphicCo,14.0,625.0,4425135827,"Printable Durable Power of Attorney Template, Durable Power of Attorney Form, POA Form, POA Agreement, Editable Instant Download",10.0,3.63,120.0,0 0 0 15 20 25 23 3 0 17 17 0,17 17 0,7,0.192,NEAR-CLEAN,ACTIVE,Kids learning / party host,DESIGN,v1:forms
EVERBEE ESTIMATE — NOT ETSY TRANSACTION DATA,TheResellersToolkit,13.0,215.0,4363291159,"Reseller Spreadsheet Revenue & Profit Tracking Basic | Google Sheets Inventory, Sales, Business Tracker | Automated Dashboard Small Business",13.0,2.8,120.0,22 9 25 10 6 16 8 16 0 0 0 8,0 0 8,9,0.558,CLEAN,FADING,Online reseller (#14 live),LIVE_LL,v1:inventory
EVERBEE ESTIMATE — NOT ETSY TRANSACTION DATA,SacramentoPrints,12.0,1959.0,4437862603,"Heart Healthy Diet Food List Printable | Heart Healthy Food Chart, Low Cholesterol Diet, Meal Planner & Grocery List PDF",9.0,5.9,120.0,0 0 0 0 30 15 12 3 0 30 15 15,30 15 15,7,0.061,NEAR-CLEAN,ACTIVE,Productivity planner user,VAGUE,v1:meal
EVERBEE ESTIMATE — NOT ETSY TRANSACTION DATA,DocuSimplified,14.0,1001.0,4429753297,"Bakery Business Planner Spreadsheet, Recipe Cost Calculator Template, Bakery Order Form for Home Bakers and Cottage Bakery, Google Sheets",10.0,19.32,119.0,0 0 0 10 20 30 10 10 14 6 16 3,6 16 3,9,0.119,CLEAN,ACTIVE,Home baker (#15 live),LIVE_LL,v1:calculator
EVERBEE ESTIMATE — NOT ETSY TRANSACTION DATA,TinyWinsCorner,9.0,950.0,4466739064,"Cute Debt Tracker Savings Challenge Printable, Debt Snowball, Debt Repayment, Student Loan Payoff Planer, Digital Download",7.0,2.5,112.0,0 0 0 0 0 26 30 14 14 14 14 0,14 14 0,6,0.118,NEAR-CLEAN,ACTIVE,Household budgeter (#1-#7 live),LIVE_LL,student
EVERBEE ESTIMATE — NOT ETSY TRANSACTION DATA,PlanLedger,12.0,688.0,4495572974,Client Lead Tracker Spreadsheet Google Sheets CRM Template for Freelancers Small Business Sales Follow Up Tracker Client and Lead Management,6.0,3.63,111.0,0 0 0 0 0 0 0 32 33 22 16 8,22 16 8,5,0.161,NEAR-CLEAN,ACTIVE,Productivity planner user,VAGUE,v1:client
EVERBEE ESTIMATE — NOT ETSY TRANSACTION DATA,ThePonyIsland,13.0,510.0,4411131195,Fundamentals of the Horse Bundle– Printable Learning Pack for Young Equestrians,11.0,16.0,110.0,0 1 7 24 11 13 6 9 11 12 8 8,12 8 8,11,0.216,CLEAN,ACTIVE,Unassigned,VAGUE,horse
EVERBEE ESTIMATE — NOT ETSY TRANSACTION DATA,SVGCreatorGoods,18.0,558.0,4300011516,"Luxury SUV Laser Cut File for Plywood, DIY jeep SVG, 3D Car Model, Wooden Vehicle Cnc Vector, Glowforge Cricut Laser Plans (4mm File)",16.0,7.0,110.0,0 11 11 11 11 1 10 0 0 11 22 22,11 22 22,9,0.197,CLEAN,ACTIVE,Merch / decor / design assets (any buyer),DESIGN,v1:vehicle
EVERBEE ESTIMATE — NOT ETSY TRANSACTION DATA,Selelang,13.0,1104.0,4362891474,Soul Contract Psychic Reading: Past Life & Karma (Personalized PDF Medium Reading),12.0,8.38,108.0,18 18 12 12 3 27 0 6 3 3 0 6,3 0 6,10,0.098,CLEAN,FADING,Unassigned,VAGUE,v1:contract
EVERBEE ESTIMATE — NOT ETSY TRANSACTION DATA,DigitalCutFilesShop,12.0,914.0,4383295878,"50 Car Stickers SVG Bundle | Auto Decals, Racing Graphics, Vehicle Vinyl Designs, Car Wrap Vector Pack , PNG,PDF, JPg, (Digital Download)",11.0,4.5,108.0,0 12 12 12 12 24 8 4 12 0 12 0,0 12 0,9,0.118,CLEAN,FADING,Merch / decor / design assets (any buyer),DESIGN,v1:vehicle
EVERBEE ESTIMATE — NOT ETSY TRANSACTION DATA,ShapeOfArtPrints,20.0,2017.0,1871473834,Vintage Bay Horse Portrait Print: Equestrian Farmhouse Decor (Digital Download),19.0,3.36,103.0,22 11 2 9 0 11 1 10 22 0 0 15,0 0 15,9,0.051,CLEAN,FADING,Kids learning / party host,DESIGN,horse
EVERBEE ESTIMATE — NOT ETSY TRANSACTION DATA,DragonConduct,21.0,361.0,4402590571,Dungeon Master Journal | DnD World Building | Notion | Dark,11.0,27.9,102.0,0 9 19 24 13 8 10 7 2 2 5 3,2 5 3,11,0.283,CLEAN,FADING,Productivity planner user,VAGUE,v1:notion
EVERBEE ESTIMATE — NOT ETSY TRANSACTION DATA,inandesignshop,18.0,1208.0,4465086925,Laser Cut Vehicle Bundle  MDF Digital Download Truck Bus Forklift Pickup Models,7.0,4.25,100.0,0 0 0 0 0 28 28 28 7 0 0 9,0 0 9,5,0.083,NEAR-CLEAN,FADING,Merch / decor / design assets (any buyer),DESIGN,v1:vehicle
